Name,Link,Nomor Kontak,Alamat,Kota / Kabupaten,Jenis Layanan / Barang
Budhi Oxygen Gas Refill,https://oxygen-budhi-gas.business.site/,0851-0130-1999,"Jl. Pramuka Jati No.50, RT.1/RW.8, Paseban, Kec. Senen, Kota Jakarta Pusat, Daerah Khusus Ibukota Jakarta 10440","Jakarta
",Isi Ulang Tabung Oksigen
Isi oksigen manggarai,,0812-8610-4747,"Jl. Dr. Saharjo No.71, RT.9/RW.8, Ps. Manggis, Kecamatan Setiabudi, Kota Jakarta Selatan, Daerah Khusus Ibukota Jakarta 12960","Jakarta
",Isi Ulang Tabung Oksigen
Ikada Medikal Oksigen,https://oksigen24jaktim.business.site/,0813-1952-8448,"Jl. Raya Pd. Gede No.21C, RT.1/RW.1, Pinang Ranti, Kec. Makasar, Kota Jakarta Timur, Daerah Khusus Ibukota Jakarta 13560","Jakarta
",Isi Ulang Tabung Oksigen
Maju Jaya Gas,https://majujayagas.business.site/,,"Jalan Pondok Ranggon Rt.003 Rw.04 No.29 Kelurahan Pondok Ranggon Kecamatan Cipayung RT.3/RW.4, RT.6/RW.2, Pondok Ranggon, Cipayung, East Jakarta City, Jakarta 13860","Jakarta
",Isi Ulang Tabung Oksigen
Darul oksigen,https://darul-oksigen.business.site/?utm_source=gmb&utm_medium=referral,0813-8186-4699,"Jl. Haji Saidi I, RT.11/RW.7, Cipete Utara, Kec. Kby. Baru, Jakarta, Daerah Khusus Ibukota Jakarta 12410","Jakarta
",Isi Ulang Tabung Oksigen
Chandra Medika,https://jual-alkes.com/,0856-4959-5148,"Jl. Belibis Terusan No.53 A, RT.9/RW.3, Palmerah, Kec. Palmerah, Kota Jakarta Barat, Daerah Khusus Ibukota Jakarta 11480","Jakarta
",Isi Ulang Tabung Oksigen
Arima Gas,,0811-1949-173,"Jl. Pramuka No.404, RT.10/RW.6, Paseban, Kec. Senen, Kota Jakarta Pusat, Daerah Khusus Ibukota Jakarta 10440","Jakarta
",Isi Ulang Tabung Oksigen
TOKO TABUNG OKSIGEN & ISI ULANG OKSIGEN,,0877-7546-4667,"Jl. Gondang Sari, RT.15/RW.9, Cijantung, Kec. Ps. Rebo, Kota Jakarta Timur, Daerah Khusus Ibukota Jakarta 13790","Jakarta
",Isi Ulang Tabung Oksigen
Azzam Oksigen,https://isiulangoksigendijakarta-azzam-oksigen.business.site/?utm_source=gmb&utm_medium=referral,0821-2436-6699,"Jl. Industri Raya No.21, RT.13/RW.1, Gn. Sahari Utara, Kecamatan Sawah Besar, Kota Jakarta Pusat, Daerah Khusus Ibukota Jakarta 10720","Jakarta
",Isi Ulang Tabung Oksigen
Cahaya Gas Pancoran Tebet,,0813-1686-1318,"Jl. Tebet Dalam 1 No.3, RT.1/RW.1, Manggarai Sel., Kec. Tebet, Kota Jakarta Selatan, Daerah Khusus Ibukota Jakarta 12860","Jakarta
",Isi Ulang Tabung Oksigen
Refill Oxygen Pulo Gadung,,0858-1160-7733,"Rumah Sakit Mediros, Jalan Perintis Kemerdekaan No.37 kurang lebih 30 meter setelah, RT.1/RW.1, Pulo Gadung, Kec. Pulo Gadung, Kota Jakarta Timur, Daerah Khusus Ibukota Jakarta 13260","Jakarta
",Isi Ulang Tabung Oksigen
NG Refill Oksigen,,0812-8990-2162,"Jl. Raya Penggilingan No.16, RT.12/RW.11, Penggilingan, Cakung, East Jakarta City, Jakarta 13940","Jakarta
",Isi Ulang Tabung Oksigen
Hikmah Gas Medical Oksigen,,(021) 75910775,"Jl. Karang Tengah Raya No.49, RT.5/RW.3, Lb. Bulus, Kec. Cilandak, Kota Jakarta Selatan, Daerah Khusus Ibukota Jakarta 12440","Jakarta
",Isi Ulang Tabung Oksigen
CHIKO JAYA,,0813-1000-5226,"10, Jl. Plumpang Semper No.7, RW.2, Rawabadak Sel., Kec. Koja, Kota Jkt Utara, Daerah Khusus Ibukota Jakarta 14230","Jakarta
",Isi Ulang Tabung Oksigen
Cempaka Gas Isi Ulang Oxsigen,,(021) 22391986,"Jalan Salemba Tengah No. 278A, Jakarta Pusat, RT. 4/ RW. 4, Paseban, Senen, RT.5/RW.8, Paseban, Kec. Senen, Kota Jakarta Pusat, Daerah Khusus Ibukota Jakarta 10440","Jakarta
",Isi Ulang Tabung Oksigen
Karyaguna gas,https://karyagunagas.com/contact-us/,"021-5890 4683
0878 7500 6888",jL. Swadarma Raya No. 61 Ulujami – Pesanggrahan Jakarta Selatan 12250,"Jakarta
",Isi Ulang Tabung Oksigen
oxy 24,,0812-9318-2873,"Jl. Balap Sepeda III No.96, RT.5/RW.6, Rawamangun, Kec. Pulo Gadung, Kota Jakarta Timur, Daerah Khusus Ibukota Jakarta 13220","Jakarta
",Isi Ulang Tabung Oksigen
ARC Putra,,(021) 8705015,"RT.7/RW.2, Ciracas, Kec. Ciracas, Kota Jakarta Timur, Daerah Khusus Ibukota Jakarta 13740","Jakarta
",Isi Ulang Tabung Oksigen
Medical Oxygen,,0812-1018-0121,"Jl. Paso No.70, RT.3/RW.6, Jagakarsa, Kec. Jagakarsa, Kota Jakarta Selatan, Daerah Khusus Ibukota Jakarta 12620","Jakarta
",Isi Ulang Tabung Oksigen
oxygen marema,,85711819768,"Jl. Persahabatan Utara No.26, RT.16/RW.13, Pisangan Tim., Kec. Pulo Gadung, Kota Jakarta Timur, Daerah Khusus Ibukota Jakarta 13220","Jakarta
",Isi Ulang Tabung Oksigen
Citratama Medical Gas,https://citratama.co.id/,8211234488,"Jalan Kentang 5/31 Belakang Masjid Al Ikhlas
Kel. Cibodasari, Kec. Cibodas, Kota Tangerang","Tangerang
",Isi Ulang Tabung Oksigen
Apotek dan Alkes 58,https://www.tokopedia.com/alatkesehatan58/isi-ulang-tabung-oksigen,81286253558,Jl. Jendral sudirman ruko modernland blok AR no 32. Tangerang banten.,"Tangerang
",Isi Ulang Tabung Oksigen
Cahaya Gas Ciledug,,0813-1686-1318,"Ciledug, Jl. Raden Patah No.85, RT.002/RW.010, Parung Serab, Kec. Ciledug, Kota Tangerang Selatan, Banten 15153","Tangerang
",Isi Ulang Tabung Oksigen
Mandiri Medical Gas,,0821-1414-2938,"Jl. Cendrawasih Raya No.44, Sawah Lama, Kec. Ciputat, Kota Tangerang Selatan, Banten 15413","Tangerang
",Isi Ulang Tabung Oksigen
PT Federal Gas Industri,,"0856-9442-6468
085641780278","Jl. Cendrawasih Raya No.173, RT.1/RW.1, Sawah Lama, Kec. Ciputat, Kota Tangerang Selatan, Banten 15413","Tangerang
",Isi Ulang Tabung Oksigen
Pro Sehat Isi/Refill Oxygen & Health Equipment Supply,,0813-8281-9318,"Jl Kelapa Sawit XI BG 7 No 10, Jl. Sektor Raya No.1B, Pakulonan Bar., Kec. Klp. Dua, Tangerang, Banten 15811","Tangerang
",Isi Ulang Tabung Oksigen
"Gas oxygen , isi ulang+sewa",,0831-0710-8236,"Daan Mogot Rd, RT.005/RW.003, Batuceper, Tangerang City, Banten 15122","Tangerang
",Isi Ulang Tabung Oksigen
CV Bayuprana Agung,https://isi-oksigen.business.site/?utm_source=gmb&utm_medium=referral,0812-8292-4254,"Pondok Jaya, Kecamatan Pondok Aren, Kota Tangerang Selatan, Banten 15224","Tangerang
",Isi Ulang Tabung Oksigen
Toko Tabung Oksigen Las,,0813-8018-3143,"Jl. Raden Saleh No.35, RT.004/RW.005, Karang Tengah, Kec. Karang Tengah, Kota Tangerang","Tangerang
",Isi Ulang Tabung Oksigen
Kawan Kita Oksigen,,"WA: 081283392761
Telp: 021-7493792","Pertokoan Pamulang Permai Blok SH 10 no 1, Pamulang, Tangerang Selatan","Tangerang
",Isi Ulang Tabung Oksigen
DnD Gas,https://www.bukalapak.com/p/industrial/peralatan-medis-laboratori/3obzzfz-jual-isi-ulang-tabung-oksigen-medis-dan-co2-aquascape?from=list-product&pos=1,,Jalan Raya Perjuangan No.1 Depan Kantor Kelurahan Kebalen,"Bekasi
",Isi Ulang Tabung Oksigen
Isi ulang oxygen,,87879371787,"Jl. Raya Pekayon, Bekasi, Jawa Barat","Bekasi
",Isi Ulang Tabung Oksigen
amanah gas,,0878-8043-3640,"Jl. Sultan Agung km 28 bekasi kota No.11, RT.003/RW.004, Kali Baru, KEC. Medan satria, Kota Bks, Jawa Barat 17132","Bekasi
",Isi Ulang Tabung Oksigen
Fajar sejahtera,,0838-7717-5553,"Jn.ra Kartini no 64 rt01 RW 24, RT.003/RW.004, Margahayu, Kec. Bekasi Tim., Kota Bks, Jawa Barat 17113","Bekasi
",Isi Ulang Tabung Oksigen
Elyon Jaya Gas,,0812-1075-0802,"Jl. Raya Karang Satria No.10-12, Karangsatria, Kec. Tambun Utara, Bekasi, Jawa Barat 17510","Bekasi
",Isi Ulang Tabung Oksigen
Mitra Nusantara Medika,,0857-8289-0417,"Ruko Sentra Aneka Niaga, RT.006/RW.007, Pejuang, Kecamatan Medan Satria, Kota Bks, Jawa Barat 17131","Bekasi
",Isi Ulang Tabung Oksigen
Restu Gas,,0821-1234-4555,"Jl. Cut Mutia No.26, RT.001/RW.009, Margahayu, Kec. Bekasi Tim., Kota Bks, Jawa Barat 17113","Bekasi
",Isi Ulang Tabung Oksigen
Karunia Gas,,0878-8047-5621,"Jl. Raya Setu No.64, Lubangbuaya, Kec. Setu, Bekasi, Jawa Barat 17320","Bekasi
",Isi Ulang Tabung Oksigen
NashMed Oksigen Indonesia,,0895-0531-6132,"Jl. Cinere Raya No.110, Cinere, Kec. Cinere, Kota Depok, Jawa Barat 16514","Depok / Bogor
",Isi Ulang Tabung Oksigen
Refil Oksigen,,(021) 92610987,"Jl. Tanah Baru, Pancoran MAS, Kec. Pancoran Mas, Kota Depok, Jawa Barat 16426","Depok / Bogor
",Isi Ulang Tabung Oksigen
SAWANGAN 13 REFILL OXYGEN,,0838-1596-8688,"Jl. Raya Sawangan No.13, Mampang, Pancoran MAS, Kota Depok, Jawa Barat 16436","Depok / Bogor
",Isi Ulang Tabung Oksigen
"Depot Isi Ulang Oxygen, Acetiline, Argon, N2, CO2",,0895-3322-57666,"Sempu Indah, Jl. H. Tamin Gg. Mandor, RT.03/Rw01/RW.No.99, Cipayung, Kec. Cipayung, Kota Depok, Jawa Barat 16437","Depok / Bogor
",Isi Ulang Tabung Oksigen
Isi Ulang Oxygen Cahaya Gas,,0813-1686-1318,"RT 002 RW 001 Bojongsari, Jl. Raya Parung, Curug, Bojongsari, Kota Depok, Jawa Barat 16517","Depok / Bogor
",Isi Ulang Tabung Oksigen
Sewa tabung oksigen,,0838-1397-3995,"Cluster melati hills Blok Lf 6, Duren Mekar, Bojongsari, Kota Depok, Jawa Barat 16516","Depok / Bogor
",Isi Ulang Tabung Oksigen
Oxygen Isi Ulang,,,"Jl. Tanah Baru Blok Swadaya No.3A, Pancoran MAS, Depok City, West Java 16436","Depok / Bogor
",Isi Ulang Tabung Oksigen
Bogor Oxsigen,https://bogoroxygen.business.site/,0821-2408-3993,Jl Otto Iskandardinata No.68 Bogor Timur Jawa Barat 16122,"Depok / Bogor
",Isi Ulang Tabung Oksigen
TRIO SEJATI OKSIGEN,https://oksigentriosejati.business.site/,0817-6886-914,"Jalan Lawang Gintung No.15 RT.01/RW.08, Lawanggintung Kecamatan Bogor Selatan Kota Bogor, Jawa Barat 16133","Depok / Bogor
",Isi Ulang Tabung Oksigen
AL ROYAN GAS 1974,,62251-8333917,"Jl. Kb. Pedes No.1, RT.06/RW.08, Kedungbadak, Kec. Tanah Sereal, Kota Bogor, Jawa Barat 16164","Depok / Bogor
",Isi Ulang Tabung Oksigen
Isi Ulang Oxygen Bogor Bekasi,https://isi-ulang-oxygen-bogor-bekasi.business.site/?utm_source=gmb&utm_medium=referral,"0896-7898-2012
0851-5627-8731","Jalan Raya Bojong Kulur, Bojong Kulur, Kecamatan Gunung Putri Bogor Jawa Barat 16969","Depok / Bogor
",Isi Ulang Tabung Oksigen
Karyaguna gas,https://karyagunagas.com/contact-us/,"(021) 8799 0200
0812 135 7047","Jl. Tegar Beriman Raya No 88A
Desa Bojong baru – Cibinong","Depok / Bogor
",Isi Ulang Tabung Oksigen
Isi Ulang Oksigen Medical,wa.me/6281220094510,,"Jl. A.H. Nasution No.98B, Sukamiskin, Kec. Arcamanik, Kota Bandung, Jawa Barat 40293","Bandung
","Oksigen 1m3
Jaminan 700.000
Sewa 300.000
Isi 30.000 ( diambil kesini ) 50.000 ( diantar )"
,,,,"Bandung
",
,,,,"Bandung
",
,,,,"Bandung
",
Griyakami Homecare,wa.me/6283822850596,,,"Bandung
",
Oxyoka Oxygen Refill Centre,wa.me/6282117826708,,,"Bandung
",
Blessing Homecare,wa.me/6282214773317,,,"Bandung
",
Oksigen 24 Jam,wa.me/6281220094510,,,"Bandung
",
Isi ulang OKSIGEN – OXYGOLD,wa.me/82116993330,,"Jl. Rumah Sakit No.24, Pakemitan, Cinambo, Kota Bandung, Jawa Barat 45474","Bandung
",
"ATOZ GAS ( Isi Ulang Oksigen, Argon, Hidrogen DLL )",wa.me/628112009697,,"Jl Nusa Indah Raya No 03 ( EA MOTOR ) Pintu Satu Bumi Rancaekek Kencana, Rancaekek Wetan, Rancaekek, Kab Bandung, Jawa Barat 40394","Bandung
",
"Isi ulang OKSIGEN – OXYGOLD 4, Oksigen Center APOTIK K24","022-87342150, 87342149,",,"Jl. Ibrahim Aji no. 304 Kiara Condong, Bandung","Bandung
",
,wa.me/6282116993330,,"Batununggal, Kota Bandung, Jawa Barat 40275","Bandung
",
"Isi ulang OKSIGEN – OXYGOLD 3, Oksigen Center APOTIK K25",wa.me/6282116993330,,"Jl. Sarimanah No.23, Sarijadi, Sukasari, Kota Bandung, Jawa Barat 40151","Bandung
",
,,,,"Bandung
",
Isi Ulang Oksigen Bandung Susi,wa.me/6282130000374,,,"Bandung
",
"Restu Fadhil Gas
AGEN ISI ULANG OKSIGEN MEDICAL BUKA 24 JAM & SIAP ANTAR",wa.me/6281220094510,,Arcamanik- Bandung,"Bandung
",
"Isi Ulang Oksigen - OXYGOLD 2, Oksigen Center Toko Alkes Pertokoan Metro",wa.me/6282116993330,,"TOKO ALKES pertokoan metro, Jl. Venus Bar., Manjahlega, Kec. Rancasari, Kota Bandung, Jawa Barat 40286","Bandung
",
,,,,"Bandung
",
"Isi Ulang Oksigen - OXYGOLD 5, Oksigen Center Apotik K24",wa.me/6282116993330,,"Jl. Moch Toha no. 355 B - C telp 022-5226477, Karasak, Kec. Astanaanyar, Kota Bandung, Jawa Barat 40243","Bandung
",
,0225226477,,,"Bandung
",
MGN,"0226006555
wa.me/628122053053 - Pak Margono
wa.me/685974686722 - Pak Margono",,"Jl. Cijerah 2 Blok 15 No.28, Gg. Sami Asih","Bandung
","Oksigen tersedia
Harga sekali pengisian: Rp 35.000"
PT. CIPTA KARUNIA MANDIRI,"0222784686
wa.me/682116664177 - Nana",,Jl Raya Lembang KM 15 N0 134 Batureok,"Bandung
",
OXYOKA,wa.me/682117826708 - Ayu,,Jl. Pasirsalam no 9 bandung,"Bandung
",
PT. SEKARGUNA MEDIKA/Toko ARNEZ,wa.me/681272858832 - Asna,,Jl Kebonjati No 41 Bandung,"Bandung
",
PT CBR,0226014183 - Wina,,Jl. Supadio No 31 Bandung,"Bandung
",
PT.Tidaya Gas,,,Depan Pasar Induk Caringin Pager Biru,"Bandung
",
Aneka Gas,,,Jl Simpang Industri Belakang Hilton,"Bandung
",
"SAM JAYA PERKASA, PT","wa.me/683806511790
wa.me/685723565321",,JL. PAJAJARAN NO.123 A RT.006 RW.002 KEL. ARJUNA KEC. CICENDO,"Bandung
",
PT. GRIYAKAMI,"0227272416
wa.me/681931391666",,JL. BRANTAS NO. 7 RT/RW : 02/02 CIHAPIT-BANDUNG WETAN,"Bandung
",
RATIH RATNA SULISTIAWATI / ARUNA,wa.me/68122028653,,JL. CITEPUS II RT.001 RW.006 PAJAJARAN CICENDO,"Bandung
",
BANDUNG JAYA,"0227563896
wa.me/685795331066",,SOEKARNO HATTA NO 94 RT 05 RW 06 BATUNUNGGAL BANDUNG KIDUL,"Bandung
",
DADAN SUWANDANA / BHN,,,JL.BAHAGIA PERMAI III NO.41 RT. 001 RW.005 MARGASARI BUAH BATU,"Bandung
",
CV MULIA,wa.me/681931201990,,PASAR SELATAN NO. 15 RT. 007 RW. 001 KEBON JERUK ANDIR,"Bandung
",
ENDANG SUTIANA /SETIA GAS,"02278419427
0224201593
0226038275",,JL. RANCABENTANG NO.37 RT.007 RW.005 CIBEUREUM CIMAHI SELATAN,"Bandung
",
CV. SANGKURIANG,0226031397,,JL. JEND.SUDIRMAN NO.631 WARUNG MUNCANG,"Bandung
",
KMR,wa.me/681320730987,,"JL. CISARANTEN KULON NO 35,BDG","Bandung
",
MAMAN INTIGAS,wa.me/681221576743,,"JL. RAYA BARAT NO 123, CICALENGKA, BDG","Bandung
",
AZ,wa.me/689655031822,,"JL. NEGLARASA NO 7B PASANGGRAHAN, UJUNG BERUNG, BDG","Bandung
",
I WAHYU,wa.me/685780844804,,"JL. GEDE BAGE NO 100, BDG","Bandung
",
TASMAN,wa.me/682214002655,,"JL. CIPAERA NO 2, BDG","Bandung
",
AA SUJANA,wa.me/681222649834,,"JL. RANCAEKEK, BDG","Bandung
",
MANDIRI GAS,wa.me/685221481125,,JL. SUMEDANG,"Bandung
",
DEDI SAEFUDIN,wa.me/682293557828,,"JL. LASWI NO 916, BDG","Bandung
",
SAIRIN GAS,wa.me/681214234006,,"JL. PURBASARI NO 1, BDG","Bandung
",
MITRA GAS,wa.me/68117331372,,"JL. EBORJABIN KAV 1, JATISARI, BDG","Bandung
",
SAC,wa.me/681394334266,,"JL. LEUMBOONG NO 94, BDG","Bandung
",
Bapak Sumari,,,"Gang Duwet Timur II, Duwet Ngaliyan 05/10, Ngaliyan",Kota Semarang,Isi Ulang Tabung Oksigen
Oke Oksigen,Oke Oksigen - Refill Oxygen Tank 0856-3038-808 https://goo.gl/maps/q97EhxfMYp3YfPkX8,+62 812 34403430,"YKP Pandugo 1 Blok PB No.21, Rungkut, Surabaya, 60297",Surabaya,Pembelian tabung (terbatas) dan isi ulang tabung oksigen serta menyewakan bulanan
PT. Aneka Gas Industri,https://isioksigen.net/2019/06/22/tempat-isi-ulang-oksigen-di-bontang-dan-sekitarnya/,,"Jl. Tursina Barat No. RT 15 RW Kel Guntung Kec. Bontang Utara, Bontang, Kalimantan Timur",Bontang,"1. Tabung Oksigen Ukuran 1m3 sudah termasuk isi, siap pakai 2. Selang Nasal Oksigen mulai dari ukuran Bayi, Anak atau Dewasa 3. Regulator Oksigen Medis 4. Air Steril Aquapack untuk mengisi humidifier regulator oksigen Anda 5. Oxygen Concentrator kapasitas mulai dari 5 liter per menit"
CV. Sarana Niaga Berkah,"Beli Tabung Oksigen Fullset  https://tokopedia.link/cgeXns0jAhb di toko CV Sarana Niaga Berkah Rp2.600.000 di Tokopedia dengan Bebas Ongkir, Sekarang!",088293315551,Jatiasih,Bekasi,Jual Indent / Pesan 7 hari
Surabaya Oksigen,www.surabayaoksigen.com,081249934301,"Jl. Gubeng Kertajaya 7K No. 1 Surabaya
Jl. Galangan No. 10 Semampir Barat, Sedati Sidoarjo","Surabaya
Sidoarjo","Pembelian, isi ulang, sewa"
,,,F,,
Oksigen Medis Surabaya,,081216547088,Jl. Wiyung Tengah I No 17 RT 01 RW 02,Surabaya,Pembelian Tabung/ Isi Ulang / Sewa. Buka 24 Jam
PUTRA JAYA GAS,-,No. Hp 0812 8862 7485 Wa. 0815 1719 9684,Jl. Raya Balaraja Kresek Kp. Merak RT 009/001 Ds. Merak Kec. Sukamulya Kab. Tangerang Banten.,Tangerang/Banten,Isi ulang dan sewa tabung
REFFIL OKSIGEN CIMUNING,,087782998195,https://maps.app.goo.gl/HCQJFnuaqzAt9b7f7,,
Isi ulang oxygen sunan Jaya gas,,089519698050,"Jln. Jati Sari RT 006 /RW 003, Pondok jati Utara, kel : jurangmangu Barat, kec: pondok Aren",Tangerang Selatan ,Isi ulang tabung oksigen
UMP Balong Gas,tidak ada link,085774423313,"Jl. Raya kaliabang tengah No.111 Rt 013/ Rw 06, Bekasi Utara 17125",Kota Bekasi,Sewa tabung oksigen dan Isi ulang tabung oksigen
ferdiant,,085842739383,JL Sadewa Utara E-2 Semarang,semarang / Jawa tengah,isi ulang tabung oksigen
CV BERKAT ALAM SEJAHTERA,https://www.google.co.id/search?q=cv+berkat+alam+sejahtera&ie=UTF-8&oe=UTF-8&hl=id-id&client=safari#,081230121988,"JL. KEBRAON II NO.61 
Kec. KARANG PILANG, SURABAYA",SURABAYA,Isi ulang OKSIGEN. Jam buka: senen-jum’at 08.00-16.00. Sabtu 08.00-14.00. MINGGU TUTUP. 
Ito Oksigen,,,"Jl. Pasar Kecapi No.99a, RT.001/RW.018, Jatirahayu, Kec. Pd. Melati, Kota Bks, Jawa Barat 17415",Bekasi,Isi Ulang Tabung Oksigen
CV. Varia Gas Mulia,https://g.co/kgs/KuT2zz,08125595062,"Jl. Kembang Kuning Kulon Gang 3 No.11B, RT 006/RW 06, Kel. Pakis, Kec. Sawahan.",Kota Surabaya,"Pembelian/Sewa tabung oksigen kecil atau besar, isi ulang tabung oksigen, pembelian/sewa regulator dan selang oksigen"
Rizky Oksigen,TOKO TABUNG OKSIGEN & ISI ULANG OKSIGEN 0877-7546-4667 https://maps.app.goo.gl/2H2pHEvTkPcQ2E4Q7,087775464667,"Jl. Gondang Sari, RT.15/RW.9, No.4 Cijantung, Kec. Ps. Rebo, Kota Jakarta Timur, Daerah Khusus Ibukota Jakarta 13790",Jakarta Timur,"Jual beli baru dan second, sewa, isi ulang "
Permata ohs,,085710850840,Jl. Raya siliwangi,Bekasi,Isi ulang tabung oksigen
Isi Ulang Oksigen Lae,,081386953787,"Jl. Asem Jaya No.51, RT.001/006/RW.006, Mustika Jaya, Kec. Mustika Jaya",Bekasi,Isi Ulang Tabung Open 7.30 - 22.00
Arnez De Lourdez,https://myalkes.com/store-location/,+6221 74863936,"Arnez – Bintaro

Ruko Sentra Menteng Blok MN 88 Q

Sekto VII Bintaro

Ph. +6221 74863936, 7450505

Fax: +622174863936

Tangerang",Jakarta Selatan,"Pembelian, isi ulang"
C.O.M Oksigen Medis (24 jam),,+62 812-2221-5097,Jalan Gunung Sari 112 B Surabaya (Depan Pasar Ikan Hias Gunung Sari),Surabaya,Isi Ulang Tabung Oksigen
Restu Fadhil Gas,,081220094510,Arcamanik - Bandung,Kota Bandung,AGEN ISI ULANG OKSIGEN MEDICAL BUKA 24 JAM & SIAP ANTAR
,,,"Semanan, Kalideres",Jakarta Barat,
,,,,Jakarta Barat,Isi Ulang Tabung Oksigen
Rina Jaya Gas,,082121666052,"Komplek Pondok Arum Blok A2 No. 07 Nambo Jaya, Karawaci Kota Tangerang Banten. (Gak jauh dari jalan raya masuk ke pondok arum, Buka sampe jam 2-3 pagi - per tgl 3 juli harga 35rb per M3) ",Tangerang,Pengisian Gas Kesehatan Oksigen
Stainless Stell Oksigen/Isi Ulang Oksigen,https://maps.app.goo.gl/xCf2NcRqewe1uMi68,021-74701777,"Jl. RE. Martadinata No. 48, Ciputat",Tangerang Selatan,Isi Ulang
OXYGOLD,,082116993330,"Jl. Rumah Sakit No.24, Pakemitan, Cinambo, Kota Bandung, Jawa Barat 45474",Bandung,Isi ulang OKSIGEN – OXYGOLD
CV Yuga Sarana Medika,,085213900193,"Jl. Ciledug Raya, Kebayoran Lama, Jaksrta Selatan (Persis di lampu merah pertigaan swadarma) ",Jakarta Selatan,"Menjual dan menyewakan alat2 kesehatan seperti tabung oksigen, tempat tidur, kursi roda, tiang infus, suction pump, monitor pasien, infus pump, dll. Isi ulang tabung oksigen"
Karyaguna gas,https://karyagunagas.com/contact-us/,089660660945,Jl. Tegar Beriman Raya No. 88A Desa Bojong Baru - Cibinong ,Depok / Bogor,Sewa tabung
RKM Gas/Alfa Refill Oxygen,https://refillgas.co.id/,+62 896-1309-0356,Cipinang Muara III,Jakarta Timur,"Tukar tabung hingga 6 kubik, jam buka 08.30-21.00"
Karina Gases ,,081333069814,"Jl. Gubeng Kertajaya V. E No.20, Airlangga, Kec. Gubeng",Kota Surabaya,Pembelian Tabung / Isi Ulang Tabung Oksigen
Restu Jaya Gas Medical Oxygen,https://maps.app.goo.gl/98JfiNEWANAffp397,081281202460," Jl. Pekapuran Raya, Sukatani, Kec. Tapos, Kota Depok, Jawa Barat 16454",Depok/Bogor/Jakarta Timur,"Isi Tabung Oksigen, buka jam 07.00 - 21.00"
Isi ulang tabung oksigen,,085101176345,"Perum Permata, Jl. Cendana VI No.31, Pekuncen, Raci Tengah, Kec. Sidayu, Kabupaten Gresik",Kab Gresik,Pembelian Tabung / Isi Ulang Tabung Oksigen 
,,089675814931,"Jl. Perum Pejaya Anugrah Blk. M No.6, Sritanjung, Wage, Kec. Taman, Kabupaten Sidoarjo, ",Sidoarjo, Isi Ulang Tabung Oksigen
Ninda Oksigen,nindaoksigen.business.site,082215161100,"Jl. Kolonel Sugiyono No.70, Brontokusuman, Kec. Mergangsan, Kota Yogyakarta, Daerah Istimewa Yogyakarta 55153",Yogyakarta,"Pembelian tabung, isi ulang, sewa tabung"
Toko alat kesehatan Mulyajaya,,+6281232966800 / 0851-0444-8000,"Ruko taman jenggala mas RTB 15
Jl. Sunandar P.Sudarmo
ruko setelah pom bensin Pasar Larangan
Sidoarjo",Kota Sidoarjo,Pembelian Tabung / Isi Ulang Tabung Oksigen 
CV.candi Oxygen,,031- 99010315-16,Pergudangan SAFE N LOCK. jl. Lingkar timur km 5.5 blok K 1726-1729 sidoarjo,Sidoarjo,Beli / Isi ulang
Alkesmart,,+62811-3405-100,"Jl. Pucang Anom timur IV no 12
Surabaya",Surabaya,Beli / Isi ulang
MITRA GAS,,081553879155,Jl. Gubeng Gg VI/H no. 12. ,Surabaya,
Toko alat kesehatan Mulyajaya Medilab,,+62822-9966-5800 / +62822-2998-9977,"Jl. Teuku Umar no 91
Depan SMP negeri 2
Bojonegoro",Bojonegoro,
Isi Oksigen Yogyakarta,,0274413960,Jln Sorosutan,Yogyakarta,
Isi oksigen Yogya,,+6282215161100,Jln Kol Sugiono,Yogyakarta,
Isi O2 Jogjakarta,,+6281327115567,JL. Bugisan,Yogyakarta,
Cazzma Oksigen Medika ,,082233077735,Jl. Gunungsari II no 212,Surabaya,
Suplier Oksigen,,081311152762,"JL. Pondok Rangon No.29
Kec cipayung Pondok Rangon",Jakarta,
Isi ulang oxygen FATHIR GAS,"Rute bersama Dari (-6.2870647,107.1518440) ke Isi ulang oxygen. FATHIR GAS, Jl.kampung cibitung babakan. gang salim. Tepat nya didepan SDIT NURUL FAJRI Rt 006 rw 02 no 128 Kel, Telaga Asih, Kec. Cikarang Bar., Bekasi, Jawa Barat 17530 lewat Jl. Inspeksi Kalimalang.  22 mnt (10 km) 22 mnt bila lalu lintas seperti sekarang   1. Ambil arah barat di Jl. Jababeka II J menuju Jl. Jababeka II I 2. Belok kiri ke Jl. Jababeka II I 3. Belok kanan ke Jl. Jababeka IIG 4. Belok kiri ke Jl. Jababeka IIID 5. Belok kiri ke Jl. Jababeka II 6. Belok kanan ke Jl. Jababeka Raya 7. Belok kiri ke Jl. Jababeka Ⅳ 8. Belok kanan setelah PINTU 9 (di sebelah kanan) ke Jl. Inspeksi Kalimalang 9. Belok kanan ke Jl. Irigasi Rw. Palangan II 10. Belok kiri setelah Barokah ""Ayam Tulang Lunak"" Haji Sito (di sebelah kiri) 11. Belok kanan 12. Belok kiri 13. Belok kiri menuju Jl. Raya Cikedokan 14. Belok kanan ke Jl. Raya Cikedokan 15. Belok kanan ke Jl. Raya Imam Bonjol/Jl. Raya Pantura 16. Belok kiri setelah Portal Taman Aster (di sebelah kiri) ke Jl. Telaga Asih 17. Belok kiri untuk tetap di Jl. Telaga Asih 18. Tiba di lokasi: Isi ulang oxygen. FATHIR GAS Untuk mendapatkan rute terbaik dalam kondisi lalu lintas saat ini, lihat https://maps.app.goo.gl/FULdQiTGTW6qKEed9",0878-7819-5751,"Jl.kampung cibitung babakan. gang salim. Tepat nya di depan SDIT NURUL FAJRI Rt 006 rw 02 no 128 Kel, Telaga Asih, Kec. Cikarang Bar., Bekasi, Jawa Barat 17530",Kab. Bekasi,Pembelian Tabung dan Isi Ulang Tabung. Isi ulang Oksigen 20k-30k. Buka 24 jam 
Suplier Oksigen,,085649595148,Jl. Belibis Terusan No 53A Palmerah,Jakarta Barat,
Suplier Oksigen,,0821 2436 6699,Jl. Industri Raya No.21 Gunung Sahari Utara ,Jakarta Pusat,
Eko - suplier gas,,0821 3833 1686,,Yogjakarta,
Candi Prima gas,,+6282138227161 +6285700661773,,Yogyakarta,
Suplier O2 Tangerang,,0818 0406 8707,"Jl Jend  Sudirman, RT 007/RW 003, Cikokol, Kota Tangerang, Banten.",Kota Tangerang,
Suplier O2 Tangerang,,0817 0765 5977,Cikokol - Banten,Tangerang,
Suplier O2 - Tangerang,,0812 8590 1241,"Jl DR Sukaman, RW 9, Bencongan, Kelapa Dua, Banten.",Tangerang,
Darul Oksigen,,0813 8186 4699,"Jln H Saidi I, Cipete Utara.",Jakarta Selatan,
"Sewa Tabung Gas Oksigen,",,0858 9129 3295,Jalan Raya Bogor,Bogor,Sewa Tabung Gas Oksigen
Medical Mandiri ,,0858 886 71 711 /  0821 12222 132,"Jl Panjang Arteri Kedoya No 13, depan dealer Yamaha Putra Motor. ",Jakarta Barat,*(Pengisian 24 Jam)*
Pro Sehat Isi/Refill Oxygen and Health Equipment Supply,,081382819318,"Jl. Kelapa Sawit XI BG 7 No 10. Sektor Raya No1B
Pakulonan Barat, Kec. Kelapa Dua, Tangerang",Tangerang,Isi/Refill Oxygen
Isi Ulang Oxygen Medical,,081277162917,"Jl. Borobudur Raya, 
Jl. Besi Raya, Perumnas II No. 107 A, Cibodas Baru, Kota Tangerang.",Tangerang,ISi ulang
Suplier O2 Medan,,061 - 4518085.,"Jl Raden Saleh No 33 Kesawan, Medan Barat.",Medan,
Kimia Farma,,(021) 7943222,"Jl. Raya Km 19, Selatan, Pasar Minggu, RT.3/RW.5, Pejaten Bar., Kec. Ps. Minggu, Kota Jakarta Selatan, Daerah Khusus Ibukota Jakarta 12510",Jakarta Selatan,Pembelian Tabung
Bu Hj Zaenab,Wa.me/6287804246743,887804246743,"area cimahi. Lokasi kebon kopi, ranca bentang.",Cimahi,Pembelian Tabung
CV. BAYU BANGUN SAKTI (BBS OXYGEN),https://goo.gl/maps/EVHrqdgdottBgi1w6,081907163300,"Jln. Lingkar Selatan no. 9, Tanjung Karang, Ampenan, NTB",Kota Mataram,Pembelian tabung 1 m3 & regulator; Penyewaan tabung 6 m3; Pengisian ulang tabung oksigen. Buka Senin s/d. Sabtu jam 07.30-16.30 WITA (Minggu/hari libur tutup)
Tri Gases,,081340927128,Jl. Karya rakyat no.41,Medan,Pembelian Tabung /isi ulang Oksigen/Jaminan
Central oksigen,"https://www.google.com/maps/place/Central+Oksigen,+Jl.+Jati+Mataram+No.319,+Gemangan,+Sinduadi,+Kec.+Mlati,+Kabupaten+Sleman,+Daerah+Istimewa+Yogyakarta+55284/@-7.7618339,110.3686232,15z/data=!4m2!3m1!1s0x2e7a5850f1d86d6f:0x9b2f642ebce5e9c",0852-9260-7777,"Jl. Jati Mataram No. 319, Gemawang, Sinduadi, Mlati",Sleman,Pembelian oksigen
,,,,Semarang,
Toko Nusa Gas,,,"Jl. Masjid Al-Wustho No.rt.11, RT.11/RW.7, Pd. Bambu, Kec. Duren Sawit, Kota Jakarta Timur, Daerah Khusus Ibukota Jakarta 13430",Jakarta Timur,Isi ulang Tabung Oksigen
Surya gas,,,,,
Oksigen24,, 081280082424 ,"Jl. Dworowati Raya No.1, Krobokan, Kec. Semarang Barat.",Kota Semarang,"Sewa untuk covid*,  Kami Ada 2 pilihan,  *Tabung besar 6 M3* :  Sewa tabung Rp. 200.000/Bulan Beli Regulator Rp. 275.00 isi oksigen Rp. 150.000 *Total Rp. 625.000*  *Tabung Kecil 1 M3* : Sewa Tabung Rp. 75.000/Bulan Beli Regulator Rp. 275.000 Isi Oksigen Rp. 70.000 *Total Rp. 420.000*"
NG Refill Oksigen,NG Refill Oksigen 0812-8990-2162 https://goo.gl/maps/zpeNrPZAHoaWgbsbA,0812-8990-2162,"Jl. Raya Penggilingan No.16, RT.12/RW.11, Penggilingan, Cakung, East Jakarta City, Jakarta 13940",JAKARTA TIMUR,isi ulang
Wastek,,Annisa (0878-8897-4510) Bapak Jef Budiharto (0852-5765-1189),"Jalan Rawa Gelam II No.3 Kawasan Industri Pulogadung, Jakarta Timur",Jakarta Timur,Fasilitas gratis oxygen generator dan filling dengan tingkat kemurnian oxygen 92.5 -95%.
Vittaoksigen,,(02) 7591-1145,"Jalan Lebak Bulus III No.8, RT.8/ RW.4, Cilandak Bar., Kec. Cilandak, Kota Jakarta Selatan, Daerah Khusus Ibukota Jakarta 12440",Jakarta Selatan,Fasilitas gratis oxygen generator dan filling dengan tingkat kemurnian oxygen 92.5 -95%. Jam operasional Senin-Sabtu 08.00-17.00
Hikmah Gas Medical Oksigen,,(021) 75910775,"Jl. Karang Tengah Raya No.49, RT.5/RW.3, Lb. Bulus, Kec. Cilandak, Kota Jakarta Selatan, Daerah Khusus Ibukota Jakarta",Jakarta Selatan,"Sewa tabung oksigen, isi ulang oksigen gratis. Buka 24 jam"
Isi ulang oksigen WID gas bekasi,,082114054994,"Jl. Cikunir Raya No.29b, rt/rw 01/02, Jaka mulya, bekasi selatan",Bekasi,isi ulang
Mitra Gas,www.mitragas.com,081553879155,Gubeng Kertajaya VIIH/12,Surabaya,"Pembelian Tabung, Isi Ulang, Sewa | 24 jam"
UD Berkah Depok - Isi ulang oksigen medical,,"021-77824293 , 0217701485","Jl.Raya Tole Iskandar no.2
Pertigaan perumnas Depok II
Kota Depok 
Jawa Barat",Depok,Isi Ulang Tabung Oksigen
Oxygen Cilegon,,08111646004,"Ruko niaga 1 lantai blok E no.17, Metro Cilegon",Cilegon,Pembelian / isi ulang oksigen
Toko tabung oksigen dan isi ulang oksigen,,08388289929,Jl. Jembatan lama RT 09/07 no 79 kampung Makasar jakatim,Jakarta timur,Pembelian tabung dan isi ulang tabung
marantika,https://twitter.com/xxmrnzx/status/1411634155125829634?s=21,087788147157,"Balaraja, Tangerang",Tangerang,"pembelian tabung beserta isi. Ukuran oksigen 6m3. harga 4,5jt"
Inti Medika Store | Pusat Alat Kesehatan,"https://www.google.com/maps/place/Inti+Medika+Store+%7C+Pusat+Alat+Kesehatan+%7C+Intimedikastore.com/@-6.917552,107.5729483,17z/data=!3m1!4b1!4m5!3m4!1s0x2e68e6083c6d555f:0xae94369b9a0d2bf1!8m2!3d-6.9175089!4d107.5751516",+6281312389073,"Jl. Jend. Sudirman No.693, Cibuntu, Kec. Bandung Kulon, Kota Bandung, Jawa Barat 40212",Kota Bandung,Pembelian Tabung Oksigen dan Pengisian Tabung Oksigen
CV GOTI,,"HP: 085-733-893-933 Telp.: 031-5027264,  5045780","Jl. Kalibokor selatan
Ruko ngagel Jaya Indah blok D no. 56
Dekat gedung wanita",Surabaya,harga isi oksigen: Rp 66.000/tabung
CV CAROLINA PERDANA,,Telp. : 031-8987278 / 0822-4475-6559 / 0822-3240-2240,"Jl. Joyoboyo 70
Sby",Surabaya,
UD Wirantono Gas,,Telp. (0341) 326788 / HP.  0853-3300-8859,"Jl. Aris Munandar No.27, Kiduldalem, Kec. Klojen, Kota Malang, Jawa Timur 65119",Kota Malang,Isi ulang. Buka Senin sampai Jumat 09.00 – 15.00
Carolina Perdana,,Telp. 0822-4475-6559 /  0813-3345-0006,"Ruko gryashanta D.334, Jl. Soekarno – Hatta, Jatimulyo, Kec. Lowokwaru, Kota Malang, Jawa Timur 65141",Kota Malang,Jual/ Sewa/ Isi ulang - Buka 24 Jam Setiap hari
PT. CLS ,oxygenmedis.com,082245428834,"Mutiara Venezia Residence C2/78, Dayeuh, Cileungsi",Bogor,pembelian / isi ulang tabung oksigen
CV BAYU UTAMA,,0215512054 / 021 5511212 / +62 813-1076-5433,Jl. Gatot Subroto Km. 3 No. 111 Kp. Gebang,Kota Tangerang,Isi Ulang Tabung Oksigen
Insani gas,,085811607733,"Jl.perintis kemerdekaan no.37 pulogadung, jakarta timur",dki jakarta,Isi ulang tabung oksigen
PT GASINDO ANDALAN SUKSES,"https://www.google.com/maps/place/GASINDO+ANDALAN+SUKSES+CAB+CIMONE+TANGERANG/@-6.1857658,106.6116067,18.75z/data=!4m12!1m6!3m5!1s0x0:0x8b73d6477b0cea88!2sPT+Gasindo+Andalan+Sukses!8m2!3d-6.2099489!4d106.3788288!3m4!1s0x2e69fee6d6f793e5:0x41330243ef77877d!8m2!3d-6.1855476!4d106.6113989",021 594 504 72 / +622155665663 / +62 859-2063-6695 (YUNI),"sebelah Ruko Harmoni Mas, Jl. Gatot Subroto No.Km.2 No.23, RT.005/RW.009, Cimone, Kec. Karawaci, Kota Tangerang, Banten 15132",Kota Tangerang,Isi Ulang Tabung Oksigen
Medical Oksigen,,085691286662,"Jl. Hasyim Ashari No 9, Kota Tangerang",Kota Tangerang,"Supplier Oksigen, Penyebwaan Tabung"
Sawangan 13 refill oxygen,,083815968688,"Jl raya sawamgan  no. 13
Mampang pancoran mas 
Depok",Depok,Isi ulang tabung
Tim Aksi Kasih Gereja Reformed Injili Indonesia,,087888974519 (Anissa) 082180353629 (Yosephine),"Jl. Rawa Gelam II No. 3, Kawasan Industri, Pulogadung, Jakarta Timur",Jakarta Timur,Pengisian oksigen gratis non profit use (medical grade). Layanan Senin-Minggu 09.00-21.00
Susi,,+62 821-3000-0374,"Keliling di daerah Buah Batu, Bypass, Ciwastra",Bandung,Isi ulang tabung 50.000/m³
Bandung Sehat Abadi,,+62 812-2011-7100,"Ruko Buah Batu Regensi
Blok A1 no 10",Bandung,Isi ulang 40.000/m³ jam buka setiap hari pk. 08 - 19
J Alkes,https://wa.me/628990081161,08990081161,"bekasi,galaxy ",bekasi,pembelian tabung
Hikmah Gas Medical,"Hikmah Gas Medical Oksigen Jl. Karang Tengah Raya No.49, RT.5/RW.3, Lb. Bulus, Kec. Cilandak, Kota Jakarta Selatan, Daerah Khusus Ibukota Jakarta 12440 (021) 75910775 https://maps.app.goo.gl/9WpcrHMioDxhpidm8",75910775,"Jln. Karang Tengah Raya No.49 Lebak Bulus, Cilandak, Jakarta Selatan 12440",Jakarta Selatan,Isi Ulang 24 jam
Citratama Gas,citratama.co.id,,"Jalan Kentang 5 No.31 Belakang Masjid Al Ikhlas, Cibodasari",Kota Tangerang,"Sewa tabung oksigen, isi tabung oksigen"
TRIO SEJATI GAS & OKSIGEN CIOMAS BOGOR (ISI ULANG OKSIGEN),https://triosejatigas.business.site/,0813-1174-0004,"Jl. Raya Ciomas, RT.01/RW.05, Pasirkuda, Kec. Bogor Bar., Kota Bogor, Jawa Barat 16118",Bogor Barat,"Isi Ulang Oksigen, Buka jam 08.00-21.00"
MAJU GAS,goo.gl/maps/4W8MtanwKMQQ6U2E9,021-5513895,Jalan imam bonjol no 25,Kawasaki,Distributor MEDICAL OXYGEN
PT Aneka Gas Industri,https://isioksigen.net/2019/06/23/daftar-tempat-isi-ulang-oksigen-di-balikpapan-dan-sekitarnya/,T : (0542) 743370 | F : (0542) 743566,"Jl. Mulawarman No. 9, RT 24, Manggar, Balikpapan Timur",Kota Balikpapan,"1) Tabung Oksigen Ukuran 1m3 sudah termasuk isi, siap pakai; 2) Selang Nasal Oksigen mulai dari ukuran Bayi, Anak atau Dewasa; 3) Regulator Oksigen Medis; 4) Air Steril Aquapack untuk mengisi humidifier regulator oksigen Anda; 5) Oxygen Concentrator kapasitas mulai dari 5 liter per menit"
MANDIRI JAYA GAS,,082116570167,Jl Pendidikan Raya No.22A,Jakarta Timur,Hanya menerima isi ulang gas oxygen
PT. SBM,https://g.co/kgs/HV9ymW,(0542) 733600,"Jl. Jenderal Sudirman No.5 dan 6, Klandasan Ilir, Kecamatan Balikpapan Selatan, Kota Balikpapan, Kalimantan Timur",Balikpapan,Buka Pukul 08.00
,,,,Bekasi,
Gereja Reformed Injili Indonesia,,087888974510 082180353629,"Jl. Rawa Gelam II No. 3, Kawasan Industri Pulogadung, Jakarta Timur",Jakarta Timur,Free Pengisian O2 Medical Grade-Non Profit Use Only
Emaknya Mbak @suneo138,,0227302404,"Jl. Buah Batu No. 138, Bandung",Bandung,Isi ulang tabung O2
Lagas Filling Station Gas,www.lagas.co.id,081290042007,Jl.Lenteng Agung no 59 Jakarta Selatan,Jakarta Selatan,Isi ulang tabung
Cakra Bumi Mulia,,081112720119,"Jl. Tegar Beriman No. 88 Cibinong, kab Bogor. 
Sebelah spbu sblm Rs. Sehati
02187990200
08121357047",Kabupaten Bogor,
,,,,,
OXYGEN REFILLING PULO GADUNG,,Contact: 0878 8897 4510 (Anissa) / 0821 8035 3629 (Yosephine),"Fasilitas Pengisian (Senin-Minggu jam 09.00-21.00):
Jl. Rawa Gelam II No. 3, Kawasan Industri, Pulogadung, Jakarta Timur",,
Cv sahabat,,,Jln tuparev,Cirebon,Pembelian tabung oksigen
,,,,Depok,Isi ulang oksigen
OXYGOLD.CINAMBO,,082116993330,,,ISI ULANG TABUNG OKSIGEN
SAMATOR,https://www.samator.com,P + 62 21 8370 9111   F + 62 21 8370 9911,"Gedung UGM Samator Pendidikan
Gedung A, lantai 5 dan 6
Jl. Dr. Sahardjo No.83, Manggarai - Tebet
DKI Jakarta, Indonesia 12850",Banyak Cabang,Pembelian Tabung/Isi Ulang
Tegar Gas Medikal Oxigen,,081280689275/089505556447,Jalan Samudra Jaya Kp. Grogol RT 04/RW 02 No 100,Depok,Beli/Isi Ulang/Sewa
Asep oksigen,,089644519666,Jln. Ancol timur 1 no 2 bandung rt 001 rw 004 kelurahan ancol kecamatan regol ,Kota bandung,Isi ulang tabung oksigen kecil
sumber gas abadi,"https://www.google.com/maps/place/6%C2%B011'43.8%22S+106%C2%B037'10.4%22E/@-6.1954946,106.6173773,17z/data=!3m1!4b1!4m5!3m4!1s0x0:0x0!8m2!3d-6.1954946!4d106.619566?hl=en",+62 812-1271-0960,"https://www.google.com/maps/place/6%C2%B011'43.8%22S+106%C2%B037'10.4%22E/@-6.1954946,106.6173773,17z/data=!3m1!4b1!4m5!3m4!1s0x0:0x0!8m2!3d-6.1954946!4d106.619566?hl=en",tangerang,pembelian tabung
YPI Gas,,021 44830515,Jalan Cilincing Raya No.9 Jakarta Utara,Jakarta,Isi ulang oxygen. Buka jam 07.00-16.30
 , , ,,, 
a,aa,a,aa,a,a
PRIMA OXYGEN ( tukar tabung 1m3 ) ,"https://www.google.com/search?hl=in-ID&ie=UTF-8&source=android-browser&q=prima+Oxygen&client=ms-android-xiaomi&gws_rd=ssl#gws_rd=ssl&trex=m_t:lcl_akp,rc_f:nav,rc_ludocids:2752976507136572721,rc_q:PRIMA%2520OXYGEN%2520(%2520CISARUA%2520),ru_q:PRIMA%2520OXYGEN%2520(%2520CISARUA%2520),trex_id:XkZ8pf",0821 2507 6619 ,Kp. Leuwimalang RT 03/01 kec. Cisarua kab. Bogor 16750,Bogor,Isi ulang oxygen 
Slara medika,,,Jalan teuku umar,Bandar Lampung,Isi ulang
RIZKY OKSIGEN,"TOKO TABUNG OKSIGEN & ISI ULANG OKSIGEN Jl. Gondang Sari, RT.15/RW.9, Cijantung, Kec. Ps. Rebo, Kota Jakarta Timur, Daerah Khusus Ibukota Jakarta 13790 0877-7546-4667 https://maps.app.goo.gl/HkkWbD6a4z1zyyjV6",087775464667,"Jl. Gondang Sari, No. 4 RT.5/RW.9,  Kalisari, Cijantung, Kec. Ps. Rebo, Kota Jakarta Timur, Daerah Khusus Ibukota Jakarta 13790",Jakarta Timur,"Beli tabung, isi ulang, dll. 24 Jam"
,,082225024670,"Jl. Raya Tajem, Tajem, Maguwoharjo, Kec. Depok, Kabupaten Sleman, Daerah Istimewa Yogyakarta 55281","Sleman, Yogyakarta",Isi tabung ulang oksigen
Alkes Barokah,,085290035179,"Jalan Ringroad Utara, Depok, Sleman, Yogyakarta",Sleman,Beli
Central Oksigen,,085292607777,Jl Monumen Jogja Kembali (Monjali) Kota Yogyakarta,Jl Monjali,Isi ulang
Atoz gas,,,,,
OKSIGEN JOGJA,https://g.page/sewaoksigenjogja?share,+6287831254343,"Jl. Ngeksigondo No.66, Prenggan, Kec. Kotagede, Kota Yogyakarta, Daerah Istimewa Yogyakarta 55172",Yogyakarta,"Sewa, Jual, dan Isi Ulang Tabung Oksigen"
,https://goo.gl/maps/aTDyZ9G2qNJEPx4y8,+62817274665,"Jl. Argolubang, Baciro, Kec. Gondokusuman, Kota Yogyakarta, Daerah Istimewa Yogyakarta 55225",Yogyakarta,Isi dan sewa tabung oksigen
Apotek Indah Farma,https://g.page/apotek24jamindahfarma?share,085712132848,"Jl. Dr. Wahidin Sudiro Husodo No.52, Area Sawah, Trirenggo, Kec. Bantul, Bantul, Daerah Istimewa Yogyakarta 55714","Bantul, Yogyakarta",Sewa
Lestari Oksigen Bantul,https://goo.gl/maps/FRXmiSYjdh5euQJi9,+6287739056800,"Jl. km. 10 Melikan 55711, Jl. Menayu Lor, Badegan, Tirtonirmolo, Kec. Kasihan, Bantul, Daerah Istimewa Yogyakarta 55184","Bantul, Yogyakarta",Isi ulang tabung kecil
Gemilang refill oksigen,https://g.page/refill-oksigen-refill-gas-terdek?share,+6281246048002,"Jl. Perintis Kemerdekaan No.94, Kramat Sel., Kec. Magelang Utara, Kota Magelang, Jawa Tengah 56115",Magelang,Isi ulang
Putra Kembar OXYGEN MEDIS,https://goo.gl/maps/b5HquFuyhcszUjyK9,+628156858678,"Jl. Wira Jaya No.310 B, Gejayan, Condongcatur, Kec. Depok, Kabupaten Sleman, Daerah Istimewa Yogyakarta 55281","Sleman, Yogyakarta",Isi ulang tabung oksigen kecil
Mas Medica,https://goo.gl/maps/aPqt97KgXHMF1z2JA,+6287839057927,"Jalan Dharmakusuma Lingkar Utara, Selang V, Selang, Kec. Wonosari, Kabupaten Gunung Kidul, Daerah Istimewa Yogyakarta 55851",Gunung Kidul,Isi ulang tabung kecil
OXY24,https://goo.gl/maps/mJowUm5KvtgF5XEt5,+628119280200,"Jl. Stadion, Denokan, Maguwoharjo, Kec. Depok, Kabupaten Sleman, Daerah Istimewa Yogyakarta 55281","Sleman, Yogyakarta",isi ulang tabung oksigen
ONE OXYGEN,https://goo.gl/maps/QEVn6UgYmar1L8Tn8,+6289608666194,"Tanjung, Bangunharjo, Kec. Sewon, Bantul, Daerah Istimewa Yogyakarta 55188","Bantul, Yogyakarta",Isi ulang
,,,,Pekalongan,
3R Medika Gas,https://3r-medika-gas-isi-ulang-gas-oxygen-medis.business.site/?utm_source=gmb&utm_medium=referral,081286109493,"Jln.raya meruya selatan depan, Jl. H. Merin samping tol jorr No.7, RT.9/RW.4, Meruya Sel., Kec. Kembangan, Kota Jakarta Barat, Daerah Khusus Ibukota Jakarta 11650",Jakarta Barat,"Pembelian tabung, Isi ulang tabung (jam buka: 08.30 - 21.00 tergantung hari) "
Jahe Gas (Oksigen Medikal),https://instagram.com/jahe.gas?utm_medium=copy_link,085867168814 / 0811-1617-171 ,"Jl. Komp. Regensi Melati Mas, Blok A2-6, Pondok Jagung, North Serpong, South Tangerang City, Banten 15326",Tangerang Selatan,Isi ulang tabung oksigen 24 jam (info stock harap cek update nya di IG @jahe.gas
Bekasi,,,,,
Surya Medical,,081219104516 / 085770849785,"jl. mayor oking no. 12 rt 002/rw 001, margahayu",Kota Bekasi,
Pekayon gas medical,,087879371787,"Jl. raya pekayon no. 53 rt05/rw01
kelurahan jaka setia, bekasi selatan",Bekasi,
Berkah Oksigen,,0817722270 / 088865561,harapan indah,Bekasi,Isi ulang & pembelian tabung
CV Rintis Usaha Bersama,,(021) 8297150,"Jl. Minangkabau No 1A, Kelurahan Menteng Atas, Setiabudi
(Seberang Seafood Ade Fani 67)",Jakarta Selatan,Isi Ulang Tabung Oksigen
Elyon Jaya Gas,,085930308178,"Jl. Raya Karang Satria No.10-12, Karangsatria, Kec. Tambun Utara, Bekasi, Jawa Barat 17510",Bekasi,ISI ULANG TABUNG OKSIGEN
Pak Ferdi,,0857-3334-6325,,Surabaya,Pembelian Tabung / Isi Ulang Tabung Oksigen / Sewa
MALSON GAS KENJERAN,https://www.tabunggasmurah.com/,0812-3171-1234,"Jl. Kenjeran No.185 - 187, Gading, Kec. Tambaksari, Kota SBY, Jawa Timur 60134",Surabaya,Isi Ulang Tabung Oksigen
MALSON GAS MERR,www.tabunggasmurah.com,0812-3171-5678,"Jl. Dr. Ir. H. Soekarno No.243, Medokan Semampir, Kec. Sukolilo, Kota SBY, Jawa Timur 60119",Surabaya,Isi Ulang Tabung Oksigen
SURABAYA OKSIGEN,https://www.surabayaoksigen.com/,0812-4993-4301 ; 0856-327-0449,"Jl. Gubeng Kertajaya VII K No.01, Airlangga, Kec. Gubeng, Kota SBY, Jawa Timur 60286

Jl. Galangan No. 10, Semampir Barat - Sedati, Sidoarjo",Surabaya,"Tabung oksigen 2 ltr = Rp. 1.500.000,- (paket termasuk tas) Tabung oksigen 1 m3 = Rp. 500.000,- Tabung oksigen 1,5 m3 = Rp. 750.000,- Tabung oksigen 2 m3 = Rp. 850.000,- Tabung oksigen 6 m3 = Rp. 1.700.000,-  Nb : Harga sewaktu-waktu bisa berubah"
Gesunde Surabaya,,08880-3000-395 ; (031)5016575,"Jalan Dharmawangsa No.119, Kertajaya, Gubeng, Surabaya",Surabaya,
UD. Wonokoyo Prima Gas,,(+62) 8121755666 ; (+62) 313717137 ; (+62) 313766108,Jl. Kenjeran 185-187. Surabaya,Surabaya,
Dinar Oksigen,,0852-3046-1289 ; 0878-5189-8522,"Perum Griya Kebonagung 1, Blok. C2, No. 32
Sukodono – Sidoarjo",Sidoarjo,
KJ Oksigen Medika,,0822 5744 3616 ; 0878 5311 7511 ; 0822 2811 7251,Jl.Raya Menganti Gemol No. 43 Surabaya,Surabaya,
AMJS Tabung Oksigen,,( 031 ) 71930506,Manukan Surabaya Barat,Surabaya,
Samator Gas Industri Sidoarjo,,031-8530981 ; 0822-4566-2474 (Hadi Sukarno),"Kawasan Industri Benteng Tunggal Blok A-2, Jl Muncul, Gedangan, Sidoarjo",Sidoarjo,
Samator Filling Station Driyorejo SMT FS Driyorejo,,031-7507050 ; 0896-2688-3009 (Auliya Sumarta Ningtiyas),Jl. Raya Bambe KM 19 Driyorejo Gresik,Gresik,
Samator Gas Industri Gresik,,031-3952340 ; 0822-3450-4538 (Zuni Hidayati Setyoningsih),"Jl. KIG Raya Utara Blok K, Roomo, Manyar, Gresik",Gresik,
Aneka Mega Energi Krian,,031-8971223 ;  0812-3070-552 (Rindajani Christanti),"Jl Raya Kemangsen KM 32, Balongbendo, Krian, Sidoarjo",Sidoarjo,
CV CANDI GASINDO,,(031) 7482231 ; (031) 7482230 ; 0858-5234-9737,"JL. Margomulyo 44, Blok KK 01, Greges, Kec. Asemrowo, Kota SBY, Jawa Timur 60183
Pergudangan PT Suri Mulia",Surabaya,
KARINA GAS,,0813-3306-9814,"Jl. Gubeng Kertajaya V. E No.20, Airlangga, Kec. Gubeng, Kota SBY, Jawa Timur 60286",Surabaya,
Jasa Kurir Tabung Oksigen (akun twitter @bonekpedia),,0856-0602-3397 (Yoga) ; 0881-0266-12334 (Farizal) ; 0815-`556-4440 (Adit),,Surabaya,Khusus tabung 1m3
CV CANDI SUKSES ABADI,,0859-3127-6364,"Bypass Krian, Sidoarjo",Sidoarjo,
Bandung gas/asep oksigen,,081321717176; 089644519666,Jl. Ancol Timur 1 No 2 rt 001 rw 004 kelurahan ancol kecamatan regol,Bandung,Isi ulang tabung oksigen kecil
AROGYAKARTA,,081328091478,JOGBAY,YOGYAKARTA,
ALKES BAROKAH,,085290035179,RINGROAD UTARA,YOGYAKARTA,
CENTRAL OKSIGEN,,085292607777,JL. MONJALI,YOGYAKARTA,
APOTEK INDAH FARMA,,085712132848,BANTUL,BANTUL,SEWA
ISI ULANG OKSIGEN WONOSARI,,085643123543,"JL. SRI KALOKA NO 153, PURWOSARI, BALEHARJO, KECAMATAN WONOSARI",PURWOSARI,ISI ULANG
PT NISSON INDONESIA,,021-55737777,"JL. PEMBANGUNAN 3 NO 8, KARANGSARI, NEGLASARI, TANGERANG",TANGERANG,PEMBELIAN TABUNG
BUDHI OXYGEN GAS REFILL,,0851-0130-1999,PASAR SENEN,JAKARTA PUSAT,
AZZAM OKSIGEN,,0821-2436-6699,GUNUNG SAHARI,JAKARTA PUSAT,
UD ABADI GAS,,0813-1027-9017,PULO GADUNG,JAKARTA TIMUR,
OKSIGEN MANGGARAI,,0812-8610-4747,SETIA BUDI,JAKARTA SELATAN,
IKADA MEDIKAL OKSIGEN,,0813-1952-8448,PONDOK GEDE,JAKARTA TIMUR,ISI ULANG
REFILL OXYGEN PULO GADUNG,,0858-1160-7733,PULO GADUNG,JAKARTA TIMUR,ISI ULANG
OXYGEN MAREMA,,0857-7118-19768,PULO GADUNG,JAKARTA TIMUR,
CEMPAKA ISI ULANG OXSIGEN,,021-2239-1986,"Jalan Salemba Tengah No. 278A, Jakarta Pusat, RT. 4/ RW. 4, Paseban, Senen, RT.5/RW.8, Paseban, Kec. Senen, Kota Jakarta Pusat",JAKARTA PUSAT,ISI ULANG
KARYAGUNA GAS,,021-58904683 / 0878-7500-6888," Jl. Swadarma Raya, RT.9/RW.2, Ulujami, Kec. Pesanggrahan, Kota Jakarta Barat",JAKARTA BARAT,ISI ULANG
CHANDRA MEDIKA,,0856-4959-5148,"l. Belibis Terusan No.53 A, RT.9/RW.3, Palmerah, Kec. Palmerah, Kota Jakarta Barat",JAKARTA BARAT,
NG REFILL OKSIGEN,,0812-8990-2162,"Jl. Raya Penggilingan No.16, RT.12/RW.11, Penggilingan, Cakung, Jakarta Timur",Jakarta Timur,
Cimanggis Oksigen,,082110691401,"Jln Raya Bogor Km 35 No 27  RT01 RW 02 Cimanggis, Depok",Kota Depok,"Isi ulang tabung oksigen, penjualan regulator tabung"
,,,,,Sewa
Oksigen Medikal (Jahe Gas),https://www.instagram.com/jahe.gas/,085867168814,"Jl. Komp. Regensi Melati Mas, Pondok Jagung, North Serpong, South Tangerang City, Banten 15326",Kota Tangerang Selatan,Jam Buka: 24 Jam
Bhawikarsucare,,,,Malang ,
Isi Ulang Oxygen Tangerang Selatan,https://goo.gl/maps/qWYdKG7jtqtw9pBB8,081284179672," Jl. Raya Puspiptek, Kademangan, Kec. Setu, Kota Tangerang Selatan, Banten 15314","Tangerang Selatan, Kab. Tangerang, Kab. Bogor",
"Isi ulang Oksigen,refill oksigen,co2,argon,nitrogen, Farrel Oksigen",https://maps.app.goo.gl/WVoSZNeqiRXRTqJk7,0858-7775-5503,"Jl. Ir. H. Juanda No.112, RT.001/RW.007, Margahayu, Kec. Bekasi Tim., Kota Bks, Jawa Barat 17113",Bekasi,Isi ulang tabung oksigen
,,,,,
,,,Cipinang muara,Jakart timur,Isi uLang Tabung oksigen
Sanimed Healthcare,sanidata.co.id,(0298) 325636,"Jl. Osamaliki No.30 A, Sidorejo Lor, Kec. Sidorejo, Kota Salatiga, Jawa Tengah 50714",Salatiga,Jual tabung dan Isi Ulang
Multi Abadi Gas,,0813-2571-4485,"Tegalrejo, Argomulyo, Salatiga City, Central Java 50733",Salatiga,Isi ulang oksigen
Duta Teknik Salatiga,https://www.tokobesisalatiga.com/product/tabung-oksigen-medical/,Telp: (0298) 321329 / 326391 HP: 085745624062 / 081904838998,"Jl. Jend. Sudirman No. 340 Salatiga, Central Java",Salatiga,Isi ulang
Mitra Gas,-,0815 5387 9155 / 0821 3119 2546 / 0813 3643 2915,Jl. Gubeng Kertajaya 7H No. 12 Surabaya,Surabaya,"Isis Ulang Oksigen Medical, Alat Bantu Pernafasan"
PT. Aneka Gas Industri Pulo Gadung,"PT.Aneka Gas Industri Jl. Krama Yudha No.23, RT.9/RW.5, Rw. Terate, Kec. Cakung, Kota Jakarta Timur, Daerah Khusus Ibukota Jakarta 13920 (021) 4600746 https://goo.gl/maps/pruZrTE88SohRvLe8",(021) 4600746,"Jl. Krama Yudha No.23, RT.9/RW.5, Rw. Terate, Kec. Cakung, Kota Jakarta Timur, Daerah Khusus Ibukota Jakarta 13920",DKI Jakarta,Refills Isi Ulang Tabung Oksigen 24 Jam
Rintis Usaha Bersama,,0877-7794-0999,"Jl. Minangkabau Timur no.1A, Ps. Manggis, Kec. Setiabudi, Jakarta Selatan, 12850.",Jakarta Selatan,Isi Ulang Tabung Oksigen.
AWC Tlogosari,,081326029522,,Semarang,
Eka Oksigen,,08812435911,Kedungmundu,Semarang,
O2 Genuk,,085641860211,,Semarang,
O2 Unggaran,,083826261601,,Semarang,
RIS Medical,,081380278858,"Jl Pangrango RT001/RW004, Jatibening Baru,. Kecamantan Pondok Gede, Bekasi, Jawa Barat",Bekasi,
Citra Jaya Gas,,081382091397,"Jl Semanan Raya No 102 Kalideres, Jakarta Barat",Jakarta Barat,
Bio Medical Gas,,081546111926,,Jakarta,
WASTEK,,Telp. (021) 75910775,"Jl. Karang Tengah Raya No.49,    
       RT.5/RW.3, Lb. Bulus, Kec.  
       Cilandak, Kota Jakarta Selatan,   
        Daerah Khusus Ibukota Jakarta  
       12440",Kota Jakarta,"Sedia sewa tabung oksigen, isi ulang oksigen        "
Vittaoksigen,,Telp. (021) 75911145,"Jl. Lebak Bulus III No.8, RT.8/.   
       RW.4, Cilandak Bar., Kec.   
       Cilandak, Kota Jakarta Selatan,  
       Daerah Khusus Ibukota Jakarta  
       12440",Jakarta Selatan,
Oksigen24,,+62878-3125-4343,Solo,Surakarta,Isi oksigen
Tabung KSU,,,Jl. Raya KSU sukmajaya depok,DEPOK,
Nacita,,,"Jl. Amir machmud, daerah tagog, seberang kimia farma",Cimahi,"Pembelian taung, isi ulang tabung oksigen"
OKE Oksigen,,081331679797 ,Ruko Jl. Kendalsari Selatan A7 (utara Rusun Penjaringan sari) Surabaya,Surabaya,"Isi Ulang Tabung Oksigen, jam buka 08:00"
CV Berkat Alam Sejahtera,,031-767 5177 ; 0856-4567-0050 ; 0813=3083-9336,"Jl Kemlaten Baru No 9 Kebraon, Karang Pilang Surabaya",Surabaya,IG : bas_oxygen
Rangga,,0813-3130-1100,Jl Garuda REWWIN Waru Sidoarjo,Sidoarjo,
OKSIGEN ISI SUMBER BARU,,0852-3641-6676,"Jl Raya Ngelom No. 328 RT 04.04, Ngelom, Kec. Taman, Kab. Sidoarjo",Sidoarjo,
,,,,,
Lucy,,08128520797,Taman ventura indah 2 blok E 9 beji depok,,Pembelian tabung portabel
Mitra Gas,,0815 5387 9155 / 0821 3119 2546 / 0813 3643 2915,Jl. Gubeng Kertajaya 7H No. 12 ,Surabaya,Isi Ulang Tabung Oksigen
Farrel Oxygen Medical,,085877755503,"Jl. Ir. H. Juanda No. 112 Margahayu, Bekasi Timur, 17113",Bekasi Timur,Isi Ulang Tabung
Lucy,,08128520797,,,Kosong kosong kosong habis
Budhi oxygen gas refill,,085101301999,Pasar senen,Jakarta pusat,
UD. Wonokoyo Prima Gas ,,08121755666 ; 0313717137 ; 0313766108 ,Jl. Kenjeran 185-187. Surabaya,SURABAYA JAWA TIMUR,Pembelian Tabung / Isi Ulang Tabung Oksigen / Sewa. 
UD WIRANTONO GAS,https://wirantonogas.business.site/,0341 326788 / 0341 353023,"Kiduldalem, Kec. Klojen, Kota Malang, Jawa Timur 65119",Kota Malang,Perusahaan Gas
Prima Guna Gas,https://www.instagram.com/prima_guna_gas/?hl=en,0858-0496-8848,"Jl. Danau Maninjau Barat B2/A37 Kota Malang , Jawa Timur 65139",Kota Malang,Isi Ulang Gas Oksigen Malang Free Ongkir Malang Kota Melayani antar jemput
Hikmah Gas Medical Oksigen,Hikmah Gas Medical Oksigen (021) 75910775 https://maps.app.goo.gl/sJgFb6CewkmPuFzZ8,(021) 75910775,"Hikmah Gas Medical Oksigen
Jl. Karang Tengah Raya No.49, RT.5/RW.3, Lb. Bulus, Kec. Cilandak, Kota Jakarta Selatan, Daerah Khusus Ibukota Jakarta 12440
https://maps.app.goo.gl/sJgFb6CewkmPuFzZ8
",Jakarta Selatan,Tabung isi ulang oksigen
Citra Medical Gas,,021 8318487,"Jl. Dr. Saharjo No 71
(Seberang Suzuki Puma Saharjo)",Jakarta Selatan,Isi ulang Oksigen
,,,,,
Oksigen Concat,,08156858678,"Jl Wirajaya no. 310B Gejayan, Condongcatur, Kecamatan Depok - Sleman",Kab. Sleman,Pembelian tabung & isi ulang tabung oksigen
Ninda Oksigen,,082215161100,"Jl Kolonel Sugiyono no.70 Brontokusuman, Mergangsan Kota Yogyakarta",Kota Yogyakarta,Pembelian tabung & isi ulang tabung oksigen
Irfan,,08984955550,Jl. Tanjung pura RT 04 RW 08 kelurahan Pegadungan Kecamatan Kalideres Jakarta barat,Jakarta barat,Pembelian tabung oksigen
Isi Ulang Oksigen Gedangan (SKN Gas),,085931344999,"Griya Permata Gedangan blok i5 nomor 20, Sikep, Gedangan (sebrang alfamart pas)",Sidoarjo,"Isi ulang tabung kecil 50ribu, tabung besar 200ribu sudah ongkos kirim. Buka hari Senin - Minggu jam 09.00 s.d 22.00"
,,,,"MALANG, JAWA TIMUR",
Cahaya Utama Gas,,081284218402,"Jl. Kalibaru Barat RT003 / RW001, Rawa Bebek, Bekasi",Bekasi,Pembelian Tabung / Isi Ulang Tabung Oksigen
PT Sari Angin,,0231206001,"Pegambiran, Lemahwungkuk, Cirebon City, West Java 45113",Cirebon,"Sewa (tapi saat ini tidak bisa), hanya refill oksigen. Tabung besar 55.000 (tabung sendiri), tabung kecil 35.000. Buka senin-sabtu, 08.00-15.00"
Central oksigen,,085292607777,Yohyakarta,yogyakarta,
,,,,Tangerang,Sewa tabung oksigen
PT. Samator Gas Industri,,(0271) 825656,"Jl. Solo - Sragen No.KM, Wates, Jetis, Kec. Jaten, Kabupaten Karanganyar, Jawa Tengah 57771","Karanganyar, Solo Raya",Isi Ulang Tabung Gas
RAGIL OXYGEN,https://goo.gl/maps/sADnFVdtRAunKBDD7,+6282136808526,"Kadipiro, Kec. Banjarsari, Kota Surakarta, Jawa Tengah 57136","Surakarta, Solo Raya",Pembelian Tabung
PT. Aneka Gas (belakang Aneka Gas),,,Jl. Simpang Industri Andir - Arjuna (belakang Hilton),Bandung,Isi ulang
Surya medical,,08577084 9786 ,Jl. Mayor oking,Bekasi,Isi ulang tabung oksigen di bekasi
List Persewaan Tabung Oksigen,,ada di pic semua ya,,Surabaya,Sewa atau beli tabung oksigen
CV. ERKA JAYA GAS,,"0341 794771, 791642",Jl. Industri Mangliawan No. 5 Pakis Malang (Wendit Barat),Malang,Pembelian Tabung / Isi Ulang Tabung Oksigen / Sewa
,,,kerawang,,
Shimatra,https://www.shimatra.com,+622164713812,"Jalan Danau Sunter Utara Blok B1/A3, RT.2/RW.5, Sunter Agung, Tanjung Priok, RT.2/RW.5, Sunter Agung, Jakarta Utara, Kota Jkt Utara, Daerah Khusus Ibukota Jakarta 14350",Jakarta Utara,Pembelian & Isi Ulang Tabung Oksigen
,,,,bogor,pembelian tabung
,,,,Bandung,
Agen Oksigen Komplek Margahayu Permai,,081282140016,"Jl. Permai V No 9 Komp. Margahayu Permai, Kopo, Bandung",Kota Bandung,Isi Ulang Tabung Oksigen
 Ninda Oksigen,https://maps.app.goo.gl/GihgbpPpKFdcGuNE7,0822-1516-1100,"Jl. Kolonel Sugiyono No.70, Brontokusuman, Kec. Mergangsan, 



","Kota Yogyakarta, Daerah Istimewa Yogyakarta 55153",
Jusco Medica,https://maps.app.goo.gl/75BJxo8gDTN63b846,(021) 7356083,"Jl. Bintaro Utama 3 Blok AP No. 45 Bintaro Pesanggrahan Jakarta Selatan DKI Jakarta, Pd. Betung, Kec. Pd. Aren, Kota Tangerang Selatan, Banten 15221",Tangerang Selatan,"Isi ulang tabung oksigen ukuran standard, harga 50ribu"
Syifaa Oxygen (SOX),,0813-2269-3039,"Syifaa Oxygen (SOX)
Jl. Sindanglaya No.145 RT.04 RW.01 Kel, Cisaranten Bina Harapan, Kec. Arcamanik, Kota Bandung, Jawa Barat 40294
Buka jam 07.00 – 17.00
Telp. 0813-2269-3039","Kota Bandung, Jawa Barat 40294",
Central Oksigen,"Central Oksigen, Jl. Jati Mataram No.319, Gemangan, Sinduadi, Kec. Mlati, Kabupaten Sleman, Daerah Istimewa Yogyakarta 55284",085292607777,"Jl. Jati Mataram No.319. (Selokan Mataram, barat perempatan jl. Monjali, utara jalan)",Yogyakarta ,"Isi ulang tabung oksigen, max  uk 1 M3"
,,,,Tuban,
marantika,https://twitter.com/xxmrnzx/status/1412792951940423685?s=21,087788147157,cimone tangerang ,cimone tangerang,"Tabung + Isi uk 6m3! harga 4,8jt. Ready Jumat 9 Jun 2021"
marantika,https://twitter.com/xxmrnzx/status/1412829037316034561?s=21,087788147157,klp gading jakarta utara,jkt utara,"Jual regulator oksigen harga 1,3jt. ready siap kirim!"
,,,,Kota bekasi,
marantika,,087788147157,jakarta,jakarta,"Tabung Oksigen + Isi , Lokasi Jakarta . Harga 4.5jt"
Mitra gas,,,,,
,,,,"Surabaya
",
Azzam Oksigen,https://g.page/Oksigen-azzam-jawa-barat?share,082164646418,"50 meter dari Grand Kota Bintang, Jl. Raya Kalimalang Jl. KH. Noer Ali, RT.005/RW.002, Kampung II, Jakasampurna, Bekasi Barat, Bekasi City, West Java 14175",Bekasi,Isi Ulang Tabung Oksigen 24 jam
,,083189126369,Mulyasari,Subang,Sewa tabung & isi ulang tabung
CV. Sukses Kaltim,,081351958886,Jl. KH Wahid Hasyim 1 No. 26D,Samarinda ,"Pembelian Tabung/Isi Ulang, buka dari jam 08.00 sampai 17.00 Wita"
,,,,bandung,
CV Karya Guna Gas,CV Karya Guna Gas https://goo.gl/maps/kFakwaGF22UDV7L59,,Jalan Swadarma Raya Ulujami RT 09/RW 02 Pesanggrahan Jakarta Selatan ,DKI Jakarta ,Pengisian ulang tabung oksigen : 08.00 - 17.00
PT Samator Gas Industri,https://g.co/kgs/gYqk4z,(0541) 7270187,"Jl. H. A. M. Rifaddin, Simpang Pasir, Kec. Loa Janan Ilir, Kota Samarinda, Kalimantan Timur","Samarinda, kalimantan timur",Pembelian tabung ukuran 1 meter kubik dengan kisaran harga Rp 1.000.000 untuk tabung baru dan Rp 850.000 untuk tabung lama (harga beserta isi). Isi ulang tabung ukuran 1 meter kubik seharga Rp 75.000
Lenteng Agung Gas,linktr.ee/lentengagunggas,085891405346,"Jalan Lenteng Agung Raya No.59, Jakarta Selatan","Jakarta Selatan, DKI Jakarta",Isi Ulang Tabung Oksigen. Buka setiap hari
GRII Aksi Kasih,-,081288931542,"Jalan Rawa Gelam II No. 3
Pulo Gadung",Jakarta Timur,Isi ulang tabung oksigen
PURE AIR (PT Nisson Indonesia),www.nissonindonesia.com,02155737777,"Jalan Pembangunan 3 No 8, Karangsari, Neglosari, Kota Tangerang, Banten",Kota Tangerang,Jual Tabung
Jacom Oksigen,,0882-4524-5957,"Sidotopo Wetan Baru II No 32, Sidotopo Wetan, Kec. Kenjeran, kota SBY",Surabaya,Refill Oksigen 50k/tabung 1m3 sewa/beli masih kosong buka jam 7.00-00.00
budho Oxygen gas refill,https:oxygen-budhi-gas.business.site/,085101301999,Pramuka Jati No. 50,,pembelian tabung
Sewa Tabung dan isi ulang Oxigen,https://g.co/kgs/y9UCG1,083808270235,Jl.Raya Bogor Km 28 Kel.Pekayon Kec.Pasar Rebo ,Jakarta Timur,Buka 24 Jam
Adinda Oksigen,Adinda.com,08989891789,"Jl. Pintu Satu Senayan, Gelora, Kecamatan Tanah Abang, Kota Jakarta Pusat, Daerah Khusus Ibukota Jakarta 10270",Jakarta,Pembelian Tabung
Bayu Martani Refill Oxigen,https://g.co/kgs/sktzKb,0817-274-665,"Jl. Argolubang, Baciro, Kec. Gondokusuman, Kota Yogyakarta, Daerah Istimewa Yogyakarta",Yogyakarta,Refill & Sewa
jacun oksigen,,082245245957,"sidotopo wetan baru II no 32, sidotopo wetan, kenjeran. Kota surabaya, ",surabaya,"sewa, beli, isi ulang"
Restu Gas Sawangan,,"081316092772(WA), 089518731195",Jl. Muchtar No. 7 (Depan RSUD Kota Depok),"Sawangan, Depok, Jawa Barat",
Cahaya Gas Condet - Oxygen Refill,,085624908125,"Jl. Raya Condet, RT.2/RW.3, Gedong, Jakarta timur, DKI Jakarta, Daerah Khusus Ibukota Jakarta 13520",Jakarta Timur,Pembelian Tabung / Isi Ulang Tabung Oksigen / Sewa
ARK Care Ministry - ACM,instagram.com/arkcareministry,082123227850,,Jakarta Barat,Peminjaman Oxygen Concentrator
,,,,Bandung,
Bpk Adil,,081238046010,"Western Village Blok C1/22 , Sememi , Benowo , Surabaya",Surabaya,Isi ulang oksigen
Bapak Adil,,081238046010,Western Village Blok C1/22,Surabaya,Isi ulang tabung oksigen
Kresna oksigen,https://kresna-oksigen.business.site/?utm_source=gmb&utm_medium=referral,081390565699,"Jalan mangli no 99, kenteng bawah, kejiwan, wonosobo",Wonosobo,Isi ulang tabung
,,,,Surabaya,
Daftar Layanan Tabung Oksigen Jabodetabek,,,Area Jabodetabek,,
,,,,,
Darul Oksigen,,+62 813-8186-4699,"Jl. H. Said I, Cipete Utara. Kebayoran Baru",Jakarta Selatan,Isi ulang tabung
Pt putra sinar gas,Putrasinargas.co.id,,"Jl. Teuku Umar No.125, RT.001/RW.001, Nusa Jaya, Kec. Karawaci, Kota Tangerang, Banten 15116",Tangerang,Isi ulang oksigen
Pengisian O2,,081324474623,Jl. Pecilon blok Sitameng No. 18,Cirebon,
Cahaya gas,Claster melati hils,083813973995,Claster melati hils Blick lf 6 dumek,Bojong sari,Oksigen
Sanidata Dokter Cipto,https://www.instagram.com/sanidatasemarang/,"024-8448779, 082180889008","Jalan Dr. Cipto No 174 Semarang
https://g.page/sanidatasemarang?share",Kota Semarang,Pembelian tabung dan alat kesehatan
Sanimed Soekarno Hatta,,024-76747730,Jalan Soekarno-Hatta 75 Pedurungan Semarang https://goo.gl/maps/iKVMULb45SeEGEb37,Kota Semarang,Tabung oksigen dan alat kesehatan
Prima Oxygen Pak Usman,,http://wa.me/685218219612,"Jalan Jangli Krajan Barat II Candisari Semarang
https://goo.gl/maps/ZeGyKtxZfZ3YcnVf6",Kota Semarang,Isi ulang tabung oksigen
Zaidan ,,085641074066,Jalan Kaba Kedungmundu,Kota Semarang,Sewa oksigen
Oksigen 24 Mas Eko,https://www.instagram.com/oksigen24/,http://wa.me/6281390644358,"Jalan Dworowati Raya No.1 Krobokan, Kota Semarang. Sewa Tabung",Kota Semarang,Isi Ulang Tabung Oksigen
Hery Oksigen,,http://wa.me/6285866923501,Ketileng,Kota Semarang,Isi Ulang Tabung Oksigen
Muvad Oksigen,,081390009009,,Semarang,Oksigen
Wibowo Gas,,08122833893,JL TEGALSARI BARAT 5 NO.13,Kota Semarang,Isi Ulang Tabung Gas
Didik Robby,,08122878185,,Kota Semarang,"Alat-alat medis : Tensi, masker, sarung tangan, Thermometer, dll"
Toko Langgeng,,024-3515610,"Depan SMA Kolese Loyola, Gabahan, Kec. Semarang Tengah",Kota Semarang,Beli dan Refill Oksigen
ASIAH MEDICAL OXYGEN,,,,,
Pandu Jaya Jangli,,http://wa.me/6281329767035,"Komplek akpol, Gajahmungkur, Kec. Gajahmungkur,", Kota Semarang,Refill Oksigen
Aris Saputra,,085701768496,Ketileng,Semarang,Persewaan alkes termasuk bed RS dan oksigen
PT SUMBER SAKA MEDIKA,,"024-3515610, http://wa.me/6282242092060",,Semarang,Refill Oksigen
JK Kencana Oksigen,,http://wa.me/6281225166663,"Jl. Subali Raya No.8C, Krapyak
https://goo.gl/maps/itdUGD37rjckJo8U6",Semarang,Refill Oksigen
Sewa Alkes Jalan Seruni AWC,https://agungwoundcare.com/,081325465932,"Jalan Seruni VII No. 9 Tlogosari Kulon
https://goo.gl/maps/RfUx8xnfh1ER9nbb7",Semarang,Sewa Alkes dan Oksigen
O2 Mas Yon Ungaran,,083826261601,,Kabupaten Semarang,Refill Oksigen
Siwo Muncul Gas (SDGM),,081325599942,Wujil Ungaran https://goo.gl/maps/p7rAnubsy7siYaHJA,Kabupaten Semarang,Refill Oksigen
Surya Gas Industri,,"024-7627109, http://wa.me/6287713981057","Gatsu Plaza, kawasan industri, Jl. Gatot Subroto, Ngaliyan
https://goo.gl/maps/9EcCbxt9uMWovX6z6",Kota Semarang,Refill Oksigen
Gesunde Medical Semarang,https://goo.gl/maps/PWBkyuGpk8DXTx1a7,085289000900,"Ruko Siliwangi Square Kav. 2, Jalan Jenderal Sudirman No. 32
https://goo.gl/maps/KPdc8a2nH6T9pqPf8",Kota Semarang,Oksigen
VJ Gas,https://goo.gl/maps/yFMHviPKZC6jsBDw9,http://wa.me/6281226432803 http://wa.me/6285727353903 http://wa.me/6281225008418,"Jalan Gemah Barat No 59a Pedurungan,
Jalan Sembungharjo RT 01/03 Genuk",Kota Semarang,Refill Oksigen
Pak Yan,,085875196263,"Jalan Argo Mulyo Mukti Barat II. Tlogomulyo, 
Jalan Pemuda No. 135",Kota Semarang,
Mario Gas ,,081329798761,,"Solo, Surakarta",Refill Oksigen
UD Joyo Sukoharjo ,,08562387468,,"Solo, Surakarta",Oksigen
Dewi,,089526194697,,"Solo, Surakarta",Oksigen
Oksigen Klaten ,,085647464665,,"Klaten, Solo, Surakarta",Oksigen
CV Perkasa Solo ,,081578729616,,"Solo, Surakarta",Oksigen
Arnez de Laourdes ,,(0271) 630954,,"Solo, Surakarta",Oksigen
Rizal Med ,,(0271) 732990,Utara mesjid Sholikin ,"Solo, Surakarta",Oksigen
Oksigen Kalioso ,,085742797715,,"Solo, Surakarta",Oksigen
Ratu jaya,,,"Jl. Danau Sunter Utara No.3, RT.1/RW.10, Sunter Agung, Tj. Priok",Jakarta Utara,Refill oksigen
Oxykra,,081347197200,,"Solo, Surakarta",Oksigen
Pratama,,085647484675,"Jl. Raya Solo-Tawangmangu, Dagen, Kec. Jaten, Kabupaten Karanganyar","Solo, Surakarta, Karanganyar",Oksigen
UD. Joyo / Joyo Alkes Bendosari,https://twitter.com/JoyoAlkes/,,"RSUD Sukoharjo Ke utara 500m timur Jalan diapit Angkringan dan Salon Bintang 
https://g.page/joyoalkes?share","Sukoharjo, Solo, Surakarta",Oksigen
Nina Udin Baru,,http://wa.me/6281259808820,,"Solo, Surakarta",Oksigen
O2 Jungke Riski,,http://wa.me/6282264625873,,"Solo, Surakarta",Oksigen
Dasa Cipta Baru,,http://wa.me/6282265024751,,"Solo, Surakarta",Oksigen
SATGAS OKSIGEN MENJEMPUT DAN MENGSIKAN TABUNG OKSIGEN ANDA GRATIS,,087855430278,"Jl.Raya Condet NO 18 A,Kota Jakarta Timur",Jakarta Timur,Menjemput dan mengisikan tabung oksigen 
CENTRAL OKSIGEN GODEAN,https://goo.gl/maps/y5yAqrHp6pd6ky4M8,085292607777,"Jl. Godean No.32, Bantulan, Sidoarum, Kec. Godean, Kabupaten Sleman, Daerah Istimewa Yogyakarta 55264",Sleman,"Isi ulang, Jual & Sewa Tabung"
,,,,Kota Jakarta Timur ,
Samator Ciperna,,02318825073,Jl. Raya Ciperna No. 20 (dekat pintu Tol Ciperna) Cirebon,Cirebon,
SLAMET SEJAHTERA GAS,,081324474623,Palimanan (1km dari Indocement arah Bandung),Cirebon,
PT. Jatiwangi Gas,,0233881104 / 08122113517,"Sebelah kiri KORAMIL, Jatiwangi",Cirebon,
Pak Dadang,,0234484159,Jl. Karang Ampel Barat No.992 ,Indramayu,
PT. Karya Mas,,0234271932,Jl. Gatot Subroto,Indramayu,
Tunggal Jaya Gas,https://goo.gl/maps/72i3EGajToUifkuo9,0231207538,"Jl. Merpati No.11, Widarasari, Tuparev",Cirebon,
Samator Pasar Minggu,https://goo.gl/maps/5vgQigVwpDhYVHRh8,02318825073 / 02318825062,"Jl. Ki Ageng Tepak Duku 1 No.92
Semplo - Palimanan",Cirebon,
Adam Gas Oksigen,https://goo.gl/maps/CA9d4GdaQKhw2sBt7,081324226225,Arjawinangun,Cirebon,
Cirebon Gas Industri,,02318344629 / 0811279530 / 081293991800,Dukupuntang,Cirebon,
,,,,Cibinong bogor,
Diana murni payapo,dianamurni49@gmail.com,081297049994,Apartemen kalibata city tower rafles 20ac,Jakarta,Pembelian tabung dan is8nya
PT. Anugrah tiga berlian,email argamedical@yahoo.co.id,Purwanto 081227468110,"Jl. Pramuka no. 12A Kel. palmerah kec. Matraman, Jakarta Timur",Jakarta Timur,"Tabung oksigen, alat cek oksigen"
Isi Ulang Oxygen Pondok Kopi Ali Gas,https://maps.app.goo.gl/8U4z77bvKWMPvsK79,0819-0252-5595,"Jl. Mawar Merah ll RT.09/RW.01, RT.9/RW.1, Pd. Kopi, Kec. Duren Sawit, Kota Jakarta Timur, Daerah Khusus Ibukota Jakarta 13460",Jakarta Timur,Isi Ulang Tabung (09.00 - habis)
PT. Mitra Buana Gasindo,https://twitter.com/kelapamudazone/status/1412981191930642433,02182617409,jl. raya bantar gebang setu no.2 kel. pedurenan kec. mustika jaya 17156,kota bekasi,
kang yusron,https://twitter.com/JawaraLIGINA95/status/1412758427667898374?s=19,0812-1242-4291,bisa janjian,"Cimahi, Cimindi, Gunung Batu, Padalarang",
Apotek k24 kiaracondong,,,,,
,,,,Jakarta barat,Isi ulang
KAWANKITA PAMULANG,,0217493791/ 081283392761,"Pertokoan Pamulang Permai, Blok SH-10, No.1 (dekat Bank Mandiri/ BTN Pamulang)",Tangerang Selatan,Isi ulang oksigen/ sewa tabung/Jual/Beli tabung
LAGAS (Lenteng Agung Gas),https://www.instagram.com/lentenggas/?hl=en,085891405346,Jalan Lenteng Agung Raya No.59,Jakarta,"Isi ulang tabung oksigen. | Senin - Sabtu (08.00 - 17.00) & Minggu (09.00 - 16.00) | Harga 1M = 35rb, Harga 6M = 90rb"
LAGAS (Lenteng Agung Gas),https://www.instagram.com/lentenggas/?hl=en,085891405346,"Jl. Lenteng Agung Raya No.59, Jakarta Selatan",Jakarta,Isi ulang tabung oksigen
Isi Ulang Oksigen Pak Tua,https://goo.gl/maps/HMbgc5nanek3DWpd7,081299096606,"Gg. Sungai 6, Gn. Sulah, Way Halim, Kota Bandar Lampung, Lampung 35136",Kota Bandar Lampung,"Jual aneka gas (oksigen, nitrogen, argon, CO2) untuk medis, konstruksi, dan industri. siap untuk partai besar dan kecil. syarat dan ketentuan berlaku"
Isi Ulang Oksigen Pak Samsul,https://www.google.com/maps/uv?pb=!1s0x2e40db4526caad8f:0x2eab1a64dedc4534!3m1!7e115!4shttps://lh5.googleusercontent.com/p/AF1QipPx_fNJgaSI9AdNhZBVQr4t1m6j_73b_gTyVQ%3Dw213-h160-k-no!5sinfo+jual+oksigen+bandar+lampung+-+Google+Search!15zQ2dJZ0FRPT0&imagekey=!1e10!2sAF1QipPx_fNJgaSI9AdNhZBVQr4t1m6j_73b_gTyVQ&hl=en&sa=X&ved=2ahUKEwjnmu731tjxAhVUfSsKHXvPD1sQoiowDXoECEUQAw,0852-6934-3860,"Jl. Tamin Gg. Merpati No.7, Suka Jawa, Kec. Tj. Karang Bar., Kota Bandar Lampung, Lampung 35157",Kota Bandar Lampung,Isi ulang
Isi Ulang Oksigen Hendrik Purnomo/ CV. Teknik Kerja (TKG),https://isioksigen.net/2019/02/01/isi-ulang-oksigen-di-bandar-lampung-dan-sekitarnya/,085366135518,Jalan P.Antasari Gg Mnunggal No. 82  Bandar Lampung,Kota Bandar Lampung,Isi Ulang oksigen 24 jam 
Isi ulang oksigen medis pramuka,"https://www.google.com/maps/dir/-5.4034432,105.2573696/Isi+ulang+oksigen+medis+pramuka+wa+082281409130,+Jl.+Kepayang+Jl.+Pramuka+No.14,+Rajabasa,+Kota+Bandar+Lampung,+Lampung+35144/@-5.3848566,105.2032651,13z/data=!3m1!4b1!4m9!4m8!1m1!4e1!1m5!1m1!1s0x2e40dba2d4a9155f:0x9f3fcdc3e2020d17!2m2!1d105.2204647!2d-5.3731752",082281409130,"Jl. Kepayang Jl. Pramuka No.14, Rajabasa, Kec. Rajabasa, Kota Bandar Lampung, Lampung 35144",Kota Bandar Lampung,Isi ulang tabung oksigen
Han Kadarkum / Hanzaka,,+62 812-2984-9817,"Jl kesadaran 2 no.8a.
cipinang muara
jakarta timur",Jakarta Timur,Penjual tabung oksigen ukuran 6m3
,,,,Depok,
Pak Topo Oksigen Salatiga,,081325714485,,"Salatiga, Ambarawa, Kabupaten Semarang",Beli Tabung dan Isi Ulang Tabung Oksigen
Oksigen Laksana Cen Cen Tabung,,081325599942,"Karangjati, Ungaran",Kabupaten Semarang,Beli/Isi Ulang Tabung Oksigen
BSB Jati Sari Permai ,,,"Jalan Belimbing I Blok B7 No. 15
Boja, Mijen, BSB Semarang",Semarang,Refill Oksigen
Alkes Central Medica,https://goo.gl/maps/QqqRH2urFNmr5E816,(0721) 700368,"Jl. Teuku Umar No.38B, Sidodadi, Kec. Kedaton, Kota Bandar Lampung, Lampung 35123",Kota Bandar Lampung,
,,,,Bekasi,
Pak Anang O2,,+62 813-2589-4610,"Jl. Karangdowo II
https://maps.app.goo.gl/j5CvZSNe6Hy2c9My5","Kabupaten Pati, Jawa Tengah",Isi ulang tabung oksigen
PT. Asia Makmur Rejeki Cold Storage,,0857-0201-2712,"https://maps.app.goo.gl/tB4PA99Aq22tnd656
Jl. Sunan-Ngerang No.42, Langgen Sawahan, Langgenharjo, Kec. Juwana, Kabupaten Pati, Jawa Tengah 59185","Kabupaten Pati, Jawa Tengah",
Oksigen Dawe Kudus - Pak Fadli,,+62 821-3524-7669,,"Dawe, Kabupaten Kudus, Jawa Tengah",Isi ulang tabung oksigen
Oksigen Ndole,,+62 812-8587-7688,Perumahan Rendole,"Kabupaten Pati, Jawa Tengah",Isi ulang tabung oksigen
UD Abadi Gas,"https://www.google.com/search?q=UD+Abadi+Gas&client=ms-android-samsung&sourceid=chrome-mobile&ie=UTF-8#lkt=overview&trex=m_t:lcl_akp,rc_f:nav,rc_ludocids:6076829507734532558,rc_q:UD%2520Abadi%2520Gas%2520(Oksigen%2520Medical),ru_q:UD%2520Abadi%2520Gas%2520(Oksigen%2520Medical),trex_id:rUTTZe",0813-1027-9017,"Jl. Raya Bekasi No.KM 18, RT.1/RW.4, Samping, Kec. Pulo Gadung, Kota Jakarta Timur, Daerah Khusus Ibukota Jakarta 13250. (Persis di samping kec.pulo gadung, ada belokan ke kiri masuk aja, tempatnya kecil soalnya kurang terlihat dari jalan raya)",Jakarta Timur,Isi ulang tabung oksigen. Yg 1m harga 25rb. 
,,,,JAkarta barat,
O2Concentrator,www.olx.co.id/item/tabung-oksigen-o2-6m3-isi-ga-full-iid-833902097,+62 821-1232-8857,"Ruko canadian CBC-15 Depan apotik Century dekat DanDan, Limus Nunggal, Kec. Cileungsi, Bogor, Jawa Barat 16820",Kabupaten Bogor,Jual tabung oksigen
tjhen siau tjhin,,081290714509,jln kalianyar raya gg bidan,jakarta barat,isi ulang tabung oksigen
Isi Ulang Oksigen,,085808411095,"Jl. Baja Raya no. 25
Perumahan Pongangan Indah (Sebelah timur TK)",Gresik,Isi Ulang Tabung Oksigen
Toko roti 187,https://goo.gl/maps/69N9whKt1DQBLh9f8,+62 813-3317-4251,"Gambiran, Jl. Raya Jagil No.187, Jagil, Prigen, Kec. Prigen, Pasuruan, Jawa Timur 67157","Jagil, Prigen, Kec. Prigen, Pasuruan, Jawa Timur 67157",Pembelian tabung/isi ulang/sewa. Untuk oksigen katanya diusahakan 24jam 
,,,,Balikpapan,
,,,Yogyakarta,,
,,,,Sleman,
,,08985764063,"Sambirejo condong catur Depok Sleman,jl.asem gede",Yogyakarta,Isi ulang oksigen
,,,,Surabaya,Pembelian tabung
,,,,Surabaya,
Central oksigen,,,Jalan monjali,Sleman,Isi ulang
,,,,Lampung,
,,,,Malang,Sewa tabung oksigen
Firman,http://oksigen.carrd.co,089605506452,Jl masjid 1,Depok,Isi ulang
Alkes cahaya,,087875224757,Jln villa regency 2 no 23,Kab tangerang,Pembelian tabung
Barokah oksigen,https://oksigen.cand.co,0856 4746 4665,Rt001/005 Gesing Jatipuro kecamatan trucuk kabupaten Klaten,Klaten ,Isi ulang tabung oksigen
,,,,,Tabung oksigen
,,,,,Surabaya
,,,,,
,,,,Tegal,
samator gas,,,kediri,,
,,,Kademangan,Tangsel,
Balikpapan,,,Balikpapan,Balikpapan,Pembelian tabung oxygen
,,,,Bekasi,
,,,,Bekasi,
,,,,Jogja,
,,,,,Sewa
,,,Indramayu,,
,,,"Mungkin ada yg butuh sewa tabung oksigen/ isi ulang oksigen dpt hub i toko2 CBR terdekat...dgn Uang jaminan akan dikembalikan stlh beres masa penyewaan
 Sistem Sewa adalah sbb:

*Tabung Oksigen 1m³:*
Per 2 minggu: 125.000
Per 1 bulan: 225.000
Uang Jaminan: 250.000

*Trolley Tabung Oksigen:*
Per 2 minggu: 60.000
Per 1 bulan: 110.000
Uang Jaminan: 100.000

*Regulator Tabung Oksigen:*
Per 2 minggu: 100.000
Per 1 bulan: 175.000
Uang Jaminan: 300.000

Untuk *Nasal Cannula Oksigen*, bisa dibeli dgn harga 10.000 - 15.000/pc

Untuk *Pengisian Ulang Isi Gas Oksigen:*
Gas 1m³: 30.000

Setiap kali isi dapat 1 buah kupon dan mengumpulkan 5 Kupon Biasa tsb = Gratis 1x isi Gas. Kalau sudah 3x Gratis dari program pertama dapat BONUS 1 buah Kupon Emas (Kupon Emas = Gratis 2x isi Gas)
 *PT. CENTRAL BANDUNG RAYA*
*Kantor Pusat / +62226014183*
Jl. Komodor Udara Supadio No. 31, Husein Sastranegara
Bandung 40174

*Toko Ritel:*
*BANDUNG*
*CBR RITEL PASIRKALIKI / +62222037627*
Jl. Pasirkaliki No. 205 C
Bandung

*CBR RITEL KOSAMBI / +622220531672*
Jl. Jend. Ahmad Yani No. 158
Bandung

*CBR RITEL ANCOL / +62227316386*
Jl. Cilentah No. 5, Pasar Ancol
Bandung

*CBR RITEL BUAH BATU / +62227320936*
Jl. Buah Batu No. 151 C
Bandung

*CBR RITEL KOPO / +62225413344*
Jl. Kopo Bihbul No. 38
Bandung

*CBR RITEL CIMAHI / +62226634194*
Jl. Raya Cibabat No. 352
Cimahi

*CBR RITEL SANGGAR HURIP / +62227313224*
Jl. Sanggar Hurip Metro No. 39 C, Soekarno Hatta
Bandung

*CBR RITEL MAJALAYA / +622285966100*
Jl. Cipaku No. 83 C, Ebah
Majalaya

*CBR RITEL ARCAMANIK / +622263700493*
Jl. Pesantren No. 30, Sukamiskin Arcamanik
Bandung",,
,,,,Surabaya,
,,,,"Yogyakarta
",
Surya medical,,085770849786,Jl mayor oking ,Kota bekasi,isi ulang oksigen
UD WONOKOYO PRIMA GAS,,,,,Pembelian tabung
Yoshi,,081218855923,Poncol Jaya blok c 2 no 8 rt 3 rw 19 jakasampurna kranji bekasi barat,Bekasi kota,Pembelian tabung untuk pribadi
Faisal Rahman,,08128018477,Jl. Raya Bekasi Km25 ujung menteng RT 02/05 kec. Cakung jakarta Timur 13960,Jakarta Timur,Sewa
Bpk Sumari,,0812153636000,Kedungpane semarang,Semarang,Isi Ulang Oksigen
,,,,Semarang,
,,,,Surabaya,
A,D,1851544,Fhhsbsbs,Fjjdndd,Nbshhss
Jenny ,,081283326591,Tmn permata buana..jl.pulau tidung 8 b4 no 29 jkt brt 11610,Jkt brt,Isi ulang
Samator,,,,,
,,,"Kota magelang
",Kota Magelang,
,,,,Depok,Isi ulang tabung
Henny,,081283326591,Tmn permata buana jl.pulau tidung 8 b4 no 29 jkt brt,Jkt brt,Isi ulang
,,,Jogja,Jogja,
Oksigen Medical Arrisputradata,,0859-2050-1306,"Jl. Pahlawan No.12, RT.2/RW.5, Cinangka, Kec. Sawangan, Kota Depok, Jawa Barat 16516",Depok,"Pembelian Tabung, Isi Ulang Tabung Oksigen. Buka Hari Senin - Sabtu jam 08:00 - 21:00. Isi Ulang harga Rp. 60.000, Tabung Oksigen Rp. 1.500.000, Regulator : Rp. 450.000, Trolly : Rp. 150.000"
,,,,Bandung,
Klimik,08111335861,08111335861.,Praktek di Lilis Haryanti Lalang .jln PAM RT 05/ 07 no 15 H Rawa Badung Cakung . Jakarta Timur .Jakarta ,DKI Jakarta ,Pemnelian tabung  6 kubik dan 1 kubik .
rinny septia,,0811900394,kp bitung desa kadu jaya kecamatan curug tangerang,kabupaten tangerang,pembelian tabung
Virania,,081455121349,Jl bluru kidul no 5 sidoarjo,Sidoarjo,Pembelian tabung
Sbm,,,,Balikpapan,
,,,,Tangerang ,
Linda R,,0895364764364,Kp Bendungan RT 06/02 cilodong - Depok,Depok / Cilodong,pembelian tabung
,,,Jogja,Jogja,Isi ulang tabung oksigen
,,,,Bekasi,Isi ulang
Harapan anda,,,Jl Adisucipto ,Pontianak,
,,,,"Semarang
",
,,,,Cirebon,
Chandra Medika ,https://jual-alkes.com/,0856-4959-5148,"Jl. Belibis terusan no. 53 A RT/RW 09/03, Palmerah, Kec.Palmerah, Jakarta Barat",Jakarta Barat,Pembelian tabung
,,,,Kudus,
SBM Balikpapan,,0542743555,Jl. Mulawarma ,Balikpapan,Sewa tabung oksigen
,,,Yogyakarta,Wirobrajan,
,,,,"Kota surabaya

I",
,,,,Kendal,
Farida,,085733822704,Raya pandugo 162,Surabaya,Pembelian tabung
,,,,Malang,
OKSIGEN 24,,08128002424,"Pucangsawit, Kec. Jebres, Kota Surakarta, Jawa Tengah 57125",Solo,"""Kami adalah satu-satunya perusahaan yang melayani pengantaran oksigen 1 x 24 Jam TANPA LIBUR. Pelayanan yang prima & kepuasan pelanggan adalah prioritas utama kami. Kesehatan anda adalah sebuah hal yang penting bagi kami"""
,,,Sidoarjo,,
,,,,Surakarta,
RAGIL OKSIGEN,,082136808526,"Kadipiro, Kec. Banjarsari, Kota Surakarta, Jawa Tengah 57136",Solo,OKSIGEN Buka jam 08.00 - 17.00 
Central bandung raya,,,,Bandung,
MARIO GAS OKSIGEN SOLO,MARIO GAS OKSIGEN SOLO,081329798761,"Jl. Bromo I, Kadipiro, Kec. Banjarsari, Kota Surakarta, Jawa Tengah 57136",Solo,"Isi Ulang Tabung Gas Oksigen, Buka 08.00 - 17.00"
OKSIGEN 24 SOLO,OKSIGEN 24 SOLO,08128002424,"Pucangsawit, Kec. Jebres, Kota Surakarta, Jawa Tengah 57125",Solo,OKSIGEN 24 JAM
PT. Samator Gas Industri,PT. Samator Gas Industri,0271825656,"Jl. Solo - Sragen No.KM, Wates, Jetis, Kec. Jaten, Kabupaten Karanganyar, Jawa Tengah 57771",Karanganyar,OKSIGEN Buka 08.00 - 16.00
Samator,,,,Sragen,
,,,,Bojonegoro,
,,Heri,Mutiara citra asri blok E3 no.30,Sidoarjo,Sewa
Kedai Buah Batu,,0227302404,"Jl. Buah Batu No.138
Bandung
",Bandung,Isi Ulang Oksigen
,,,,Kota padang,
,,,,Garut,
Blitar,,,,Blitar,
jaya abadi,,,jakarta,,
,,,,Jakarta selatan,
,,,,Kediri,
kimia farma,,,,,
ISI ULANG OKSIGEN BANDUNG,,,Kota Bandung,"Kota Bandung, Jawa Barat",Isi Ulang Oksigen
,,,,Yogyakarta,
,,,,Jakarta timur,
Sarwan,,085314480042,Langensari ,Kota banjar,Isi ulang
,,,,Demak,
OKSIGEN CEMANI,naimagoes9@gmail.,085747880750,Jl. Pidekso no 10 cemani Grogol sukoharjo solo jawatengah ,Sukoharjo ,DEPO PENGISIAN OKSIGEN MURNI cemani. Buka jam 08 - 16 wib setiap Hari. Minggu tutup.  Harga TERBAIK! 
,,,,Jambi,
Berka Mitra Gas,http://berkahmitragas.co.id/,(021) 22875511,"Jl. Sapi Perah No.46, RT. 008 RW. 005, Pondok Rangon, Cipayung, Jakarta Timur 13860

Telp : (021) 22875511, Fax : (021) 84592738
Email: info@berkahmitragas.co.id",Jakarta Timur,
,,,,Surabaya,
,,,,MALINAU ,
,,,,MALINAU ,Isi ulang
,,,,Bandung,
,,,,"Pekalongan


",
,,,,Tangerang selatan,Isi ulanh
,,,,Boyolali,Sewa tabung oksigen
Oksigen Portable,,,,Semarang ,
,,,,Surabaya,
Budi,,,,Jakarta,Pembelian tabung oksigen
,,,,Yogyakarta,
,,,,bogor,
,,,,,Isi ulang 
Oksigen24,https://oksigen24.com/,0878-3125-4343," Pucangsawit, Kec. Jebres, Kota Surakarta, Jawa Tengah",kota surakarta,pembelian/isi ulang/sewa/dan buka 24 jam
,,,,Surabaya,
,,,,Bekasi,
Kimia farma,,,,klaten,
surabaya,,,,surabaya,
DAFTAR TOKO OKSIGEN DAN ISI ULANG AREA SEMARANG DAN SEKITARNYA,,,SEMARANG,SEMARANG,Pembelian Tabung / Isi Ulang Tabung Oksigen / Sewa
,,,,Bekasi barat,
Cv mgn,,,,,
Kimia farma,,,Karanganyar,Karanganyar,Pembelian tabung
,,,,"Surabaya
",
,,,,Bengkulu,Sewa
Citra Persada,,,Jl.Dr Sam Ratulangi,Makassar,
,,,,Surabaya,
,,,Mojokerto ,,
Ninda Oksigenjl.,,082215161100,Jl.kolonel sugiono Yogyakarta,Yogyakarta,
Sakura medical,,,,,
Moch anwar yudan ,Isi ulang ,081220391085,"Jln. Arjuna 23a/70 Bandung 
",Kota Bandung ,Isi ulang yg 1m2
Partner in goodness,https://www.instagram.com/p/CRL4-22LmNm/?utm_medium=copy_link,085888810743,"Layanan:
Karawang
Bekasi 
Purwakarta
Subang","Layanan:
Karawang
Bekasi 
Purwakarta
Subang",Pinjam tabung 4 - 5 hari
GIA Medika Oxygen Medic,https://maps.app.goo.gl/vrDEmGQDfLPybCxH6,085218129103,"GIA Medika Oxygen Medic
Jl. Raya Hankam No.62A, RT.005/RW.005, Jatimelati, Kec. Pd. Melati, Kota Bks, Jawa Barat 17415
0852-1812-9103
https://maps.app.goo.gl/vrDEmGQDfLPybCxH6",Kota Bekasi,Isi ulang oksigen
,,082143392162,SIMO GUNUNG BARU JAYA BLOK D NO.80,Surabaya,Sewa tabung oxygen medis
Trio Sejati Oksigen  ,,0817-6886-914,"Jalan Lawang Gintung No.15 RT.01/RW.08, Lawanggintung Kecamatan Bogor Selatan Kota Bogor, Jawa Barat 16133",Kota Bogor,
Ari Kuncoro,,08987899727,"Jl. Pulo Mawar 
RT05/04 Kel. Grogol Utara, Keb Lama
Jaksel",Jakarta Selatan,Pembelian tabung 
Koperasi usaha bersama,,02161955045,"Komplek pergudangan nusa indah 21 no 2, kapuk raya",,
Alkes medan,,,,,
,,,,,Mau beli
,,,,Kotawaringin Timur ,
,,,,"Samarinda / kalimantan timur
",
,,,,Bekasi,
Bengkel brayan,,0852-6149-1136,"Jl. Setia No.5, Pulo Brayan Bengkel, Kec. Medan Tim., Kota Medan, Sumatera Utara 20241",Medan,
,,,,Makassar,
,,,,Yogyakarta ,
,,,,"Gunungkidul
",
Cv dwinika,,,Jl nusantara raya depok,Depok,
,,,,Jakarta barat,
,,087750293444,Lebo agung 3 no 70,Surabaya,Sewa
,,,Sidoarjo,Sidoarjo ,
,,087750293444,,Surabaya,
Yudha Oksigen,,085880562949,Ciomas,Kabupaten,Isi ulang oksigen dan sewa tabung oksigen. Jam buka 24jam
,,,,sidoarjo,pembeluan tabung
,,,,Bandung,
,,,,Bandung,
,,,,Palembang,
,,,,Kalijati subang ,isi ulang tabung oksigen
,,,,Sidoarjo,Pembelian tabung
,,,"Kupang indah
","Surabaya
",Tabung
Mega healty,Rchalalan@gmail.com,08156664099,Perum binagriya blok b 4 no179 rt 03 rw 08 kode pos 51111,Kota pekalongan,Beli tabung
Mega healty,Rchalalan@gmail.com,08156664099,Binagriya blok b 4 no 179 rt 03 rw 08,Kota pekalongan,Beli tabung oksigen
,,,,Yogyakarta,
Utoyo Widiantoro,,08128527762,"Jl. Antilop I F2/65, RT07/RW07, Taman Lotus, Jayamukti, Cikarang Pusat.",Kabupaten Bekasi,Pembelian Tabung
,,,,,Pembelian tabung
,,,Jalan Sukowati,Kabupaten Sragen,
,,,,klaten,
,,,,Semarang,
,,,,SURAKARTA,
Pt nisson,,,,,
,,,,Karawang,
Ternate,,,,,
Duta Teknik Wonogiri,https://g.co/kgs/jqtq92,085800646050,"Jl. Kartini no 8 Kajen Giripurwo Wonogiri
Buka Senin-Sabtu jam 8.00 - 17.00 wib
Bisa WA no terlampir",Wonogiri - Jawa Tengah,Isi Ulang O2; Sewa tabung 1m3
KRESNA OKSIGEN,https://kresna-oksigen.business.site/?m=true,081390565699,"Jalan mangli no 99, kenteng bawah, kejiwan, wonosobo",Wonosobo,Isi ulang
ATOZ GAS,,08112009697,"Jl Nusa Indah Raya No.03 (EA Motor) Pintu satu bumi Rancaekek Kencana, Rancaekek Wetan, Rancaekek, Kab.Bandung, Jawa Barat 40394",Kab.Bandung,Isi Ulang Tabung Oksigen
Depan Plaza Telkom Ujungberung,,,"Jl. A.H. Nasution, Cipadung Kulon, Kec. Panyileukan, Kota Bandung, Jawa Barat 40614",Kota.Bandung,Isi Ulang Tabung Oksigen dan Pembelian tabung
Oksigen Baciro,,0817274665,Baciro,,Isi ulang tabung oksigen
PT Sari angin ,,,,Kota cirebon,Isi ulang tabung
COM/Pak Dodik,,081222215097 / 081288770275,"Buka 24Jam
Jl. Raya Gunungsari 112-B 
(depan pasar ikan hias gunungsari)
Surabaya",Surabaya,Buka 24Jam Pembelian Tabung / Isi Ulang Tabung Oksigen / Sewa. 
,,,,Surabaya ,
allium tangerang hotel,,089522665513,jl benteng betawi no 88 tangerang banten,tangerang,isi ulang tabung 
,,,,Bandung,
,,,,tangerang,
,,,,Kuningan,
,,,,Tangerang Banten,
,,,"Dsn.keto RT.1 RW.4
Ds.Tanjangrono
Ngoro",Mojokerto,
,,081958024439,Jalan tugu karya 2 cipondoh makmur cluster cipondoh asri,Kota tangerang,Sewa tabung oksigen
,,,,Purwokerto,
Ermanayono,,082110796821,"Jl. Penganten Ali, Gg Marwar No 75, Rt.13/Rw.06, Kec. Ciracas, Jakarta Timur",Jakarta Timur,Pembelian Tabung Oksigen
,,08122778215,,Sidoarjo,Pembelian
,,,,Surabaya,Isi ulang / pembelian tabung
,,,,"Malang
",
Rejo Makmur Oxygen Gas Refill,,082137279090,"Woltermonginsidi, Gang Firaga 2 rt05/01 Semarang, Jawa Tengah",Semarang ,Isi Ulang Tabung Oksigen
samator,,,,,
Kimia farma,https://oksigen.carrd.co,082111606788,Toko kusen,Kota depok,Sewa 
,https://oksigen.carrd.co,082111606788,Depok,Kota depok,Sewa
,,,,Malang,
,,,Krian,Sidoarjo,Isi ulang tabung oksigen
OTISTA OXYGEN,,0812-8833-7890,"Jl. OTTO ISKANDARDINATA NO. 68, BARANANGSIANG, BOGOR TIMUR.",KOTA BOGOR,Penjualan Tabung Oxygen + Isi Ulang Oxygen + Penyewaan Tabung Oxygen..
,,,,"Surabaya
",
Prima guna gas,,085804968848,Sawojaja,Malang,Pembelian tabung
Lina Kusuma,,0811825635,"Komp. Diskum AD, jl. Cakrawijaya V blok L no. 1, Jkt 13420",Jakarta Timur,Pembelian tabung
Rs. Mitra,,,,Cirebon,
,,,,Depok,
,,081381678172,kp.rancamoyan Rt 12 rw 05,kabupaten tanggerang,
,,,,Bandung,
,,,,Surabaya,
,,,,Sidoarjo,
,,,,Klaten,
MALSON GAS,www.malsongas.com,081231715678,Jl. Dr. Ir. H. Soekarno 243 Merr Surabaya,Surabaya,Isi Ulang Gas Oksigen Kecil. Jam Buka: 09:00-17:00
Toko Oxygen Rawamangun,,081210999871,"Jl. Pondasi Raya Kayuputih, Pulogadung",Jakarta Timur,Pembelian Tabung
,,,,"Malang
",
Jual oxigen medical,,,Tanah Abang,Jakarta,
,,,,Surabaya,
,,,,Malang,
ratih,,085799997845,"nglinggo rt1/4 buran, tasikmadu",karanganyar,pembelian tabung
Toto Ciptarasa,,087723500861,"Dusun Pahing RT 001 RW 003, Desa Susukan Kecamatan Cipicung Kabupaten Kuningan Provinsi Jawa barat,",Kuningan,Pembelian 1 set tabung komplit
Bumdes Karya Mandiri,,087723500861,"Dusun Manis RT 004 RW 002, Desa Susukan, Kecamatan Cipicung",Kuningan,Pembelian 1 set tabung oxigen siap pakai
Retno Kumalasari,kumalasariretno7@gmailcom,082134993636,Ngentak Rt03 Rw06 sawangan Magelang 56481,Magelang,Pembelian tabung oksigen ukuran besar
marantika,twitter.com/xxmrnzx,087788147157,tangerang ,tangerang banten,"0,5m3 hrg 2,6Jt , 1m3 fullset 5,7Jt , 10m3 hrg 10,8Jt"
OTOSTA OXYGEN,https://otista-oxygen.business.site/,081288337890,"Jl. Otto Iskandardinata No. 68, Bogor Timur",Kota Bogor,"Isi Ulang / Refill Oxygen Medis, Jual Tabung Oxygen, Menyewakan Tabung Oxygen, "
,,,,jakarta barat,sewa tabung oksigen
,,,,semarang,
ferdiant gas,,,indrapasta,semarang,
,,,,Blitar,
,,,,Palembang,
,,,,,Sewa
,,,pondok cabe,,
,,,,Surabaya,
Lutfi Gasindo,,085707074498,,Area Madiun,isi ulang tabung oksigen
Mitra Sehat,,081311222605,,Area Madiun,Isi ulang Tabung Oksigen
,,,,,Pembelian tabung
,,,,Bandar lampung,
Ichsanindo gas,,085868594546,Moyudan Sleman,Sleman,Isi ulang
,,,,bandar lampung,
,,,,cirebon,
Isi ulang Oksigen (PMO),,085704984556,,Area Madiun, Isi Ulang Tabung Oksigen
Putra Madiun Oksigen,,0853 3944 2653,,Madiun,
Nimas Medika Akkes,,0812 3436 075,,Area Madiun, Isi Ulang Tabung Oksigen
Alkes IRE Medika,,0852 9544 3433,,Area Madiun,Isi ulang Tabung Oksigen
Oksigen,,0822 6408 5678,,Area Madiun,Isi Ulang Tabung Oksigen
Relawan Tabung Oksigen,,0856 4639 9544,,Area Madiun,Isi Ulang Tabung Oksigen
Isi Ulang Oksigen Madiun,,0812 5963 9990,,Area Madiun,Isi Ulang Tabung Oksigen
MitraOksigen Madiun ,,0851 0053 9618,,Madiun,Isi Ulang Tabung Oksigen
Mitra Gas,,0812 1713 5417,,Area Madiun,Isi Ulang Tabung Oksigen
Remaja Gas Magetan,,0823 1152 2458,,Area Madiun / Magetan,Isi Ulang Tabung Oksigen
Isi Ulang Oksigen,,0823 1152 2458,Gorang gareng,Magetan,Isi Ulang Tabung Oksigen
,,,,"Kota Cirebon

",
serikat galaxy ,,+6282116991994  - 081362128887  - 0651 21209isi ,"Jalan K H A Dahlan 103 105
Banda aceh
",BANDA ACEH ,isi ulang oksigen 90.000 / botol 6 m3
Erna,,082141028366,Kapas krampung 242,Surabaya,Pembelian tabung
,,,,,Oksigen
,,,,Yogyakarta,
al royan gases,,,,bogor,isi ulang
Ng Cun Fa,,081288546668 / 08970274192,Toko Cahaya (Jalan Teratai Putih Raya Blok 17 No.7 Prumnas Klender Jakarta Timur (samping top gym dan optik safari),Jakarta Timur,Pembelian Tabung
,,,,Banyumas,
,,,,Tangsel,
,,,,majalengka,
,,,,Malang,
,,,,Surabaya,
,,,,"Depok
",
Alifa sanro,,081215741266,wates,wates kulon progo,isi ulang tabung oksigen
,,,,sleman,
UD ulur jaya ,,,Jongbiru,Kota kediri,
Yoga sm,,083813973995,Jalan ir.juanda no.8 a,Depok,Isi ulang tabung
Merak oksigen,,,Banjaran,Kediri,
,,,,,Sewa
,,,,Sidoarjo,
Damayor,,,ciperna,cirebon,isi ulang
Apotik Walagri,,,jl raya cilimus,kuningan,"sewa tabung,isi ulang"
REJOSARI UD,https://www.suppliersof.com/profile/rejosari-ud/73726184,031-7497919 / 0823-3054-2575,"Jl. Simo Rejosari A/ 1D, Sby. (daerah Tanjung Sari).",Surabaya,Menyewakan tabung oksigen | Harga oksigen medis per tabung Rp 100.000 | Jaminan sewa tabung kosongan.nya Rp 1.5 juta
,,,Tebet Dalam 4.,Jakarta selatan,Isi ulang tabung
,,,,Samarinda,
,,,,Surabaya,
,,,,Temanggung,Pembelian Tabung dan Isi Ulang Tabung Oksigen
RS siloam bali,,085739297029,Jalan sunset road no 818 kuta,kuta/badung,iis ulang tabung oksigen 6m3
,,,,Depok,
,,,,Sidoarjo,Sewa
Mandiri Gas Oksigen,https://g.co/kgs/EcrmUL,+62 877-7791-8882,"Jeruksari, Wonosari, Wonosari",Gunungkidul,"Isi ulang, peresewaan, jual beli tabung oksigen medis."
Abd hay,Hariabdulhay@gmail.com ,081519109804,Srengseng Sawah ,Jakarta Selatan ,Isi ulang
,,,,Kuningan,
,,,,"Jakarta
",
Yurda Raditia ,-,087877045860,"Jln kp sumur rt/rw 07/17 No. 44 klender , duren sawit 13470",Jakarta Timur,Sewa Tabung Oksigen
,,,,Surabaya,
,,,Yogyakarta,,
,,,,Bandung,
Syeland Oksigen Citra,https://tokopedia.link/VDUmhJHSVhb ,harap langsung chat via tokopedia,"Jl. Cempaka Putih Barat, Jakarta Pusat",DKI Jakarta,Pembelian Tabung (Jika berminat langsung chat via Tokopedia) Tersedia 1 Set Lengkap Dan Baru!
,,,,Kediri,
Samator,,,,,
Oxy Surabaya ,,081216111162,Gunung Anyar,Surabaya,Pembelian Tabung 
Isi ulang oksigen.,http://bit.ly/pinjamoksi,085646878381,"Desa Tulungrejo,Dusun Sumbergondo",Blitar,Isi ulang tabung oksigen
Tidak tau,,,,,
,,,Pamulang,Tangerang selatan,
,,,Kota bandar lampung,Kota bandar lampung,
,,,,Semarang,
,,,,Bandar lampung,
,,,,blitar,
Toko Alkes : Grosir & Service Alat Kesehatan KAFA MEDIKA,https://alkesmagelang.business.site/?utm_source=gmb&utm_medium=referral,0858-7777-2679,"RSUD Merah Putih, Jl. Magelang - Yogyakarta No.KM 7, Japunan, 50 Meter Timur, Kec. Mertoyudan, Kota Magelang, Jawa Tengah 56512",Kota Magelang,Pembelian Tabung & Isi Ulang Tabung Oksigen
PT Samator Gas Industri Magelang,,(0293) 3192128,"Jalan Magelang - Semarang Km. 8, RT.005/RW.002, Ngadirejo, Secang, Kewaluhan, Madusari, Kec. Secang, Magelang, Jawa Tengah 56195",Kabupaten Magelang,Isi Ulang Tabung Oksigen
Isi Ulang Oksigen Pasar Japunan,,0812-1516-7361,"Pasar Japunan, Jalan Japunan Sraten Brontokan, Bruntukan, Danurejo, Mertoyudan",Kota Magelang,Isi Ulang Tabung Oksigen
,,08122636477,jl pajajaran Barat RT O1 Rw 15 sumber surakarta,surakarta,
,,,,Surabaya,
,,,,Tangerang,
,,08112299220,,Bandung,Isi ulanh tabung